,slug,bucketMonthly,sum
0,0x-splits,2022-10-01,68.0
1,0x-splits,2023-02-01,5.0
2,0x-splits,2023-03-01,51.0
3,0x-splits,2023-04-01,27.0
4,0x-splits,2023-05-01,3.0
5,0x-splits,2023-06-01,44.0
6,0x-splits,2023-07-01,127.0
7,0x-splits,2023-08-01,115.0
8,0x-splits,2023-09-01,201.0
9,0x-splits,2023-10-01,43.0
10,0x-splits,2023-11-01,3.0
11,1-inch,2021-11-01,3226.0
12,1-inch,2021-12-01,10245.0
13,1-inch,2022-01-01,4835.0
14,1-inch,2022-02-01,3459.0
15,1-inch,2022-03-01,4010.0
16,1-inch,2022-04-01,12660.0
17,1-inch,2022-05-01,32327.0
18,1-inch,2022-06-01,46537.0
19,1-inch,2022-07-01,12550.0
20,1-inch,2022-08-01,26279.0
21,1-inch,2022-09-01,51724.0
22,1-inch,2022-10-01,93136.0
23,1-inch,2022-11-01,98236.0
24,1-inch,2022-12-01,95688.0
25,1-inch,2023-01-01,81821.0
26,1-inch,2023-02-01,77076.0
27,1-inch,2023-03-01,87732.0
28,1-inch,2023-04-01,72097.0
29,1-inch,2023-05-01,64482.0
30,1-inch,2023-06-01,63808.0
31,1-inch,2023-07-01,65494.0
32,1-inch,2023-08-01,56230.0
33,1-inch,2023-09-01,41351.0
34,1-inch,2023-10-01,33350.0
35,1-inch,2023-11-01,8195.0
36,1w3,2023-07-01,12.0
37,2-pi-network,2022-09-01,138.0
38,2-pi-network,2022-10-01,188.0
39,2-pi-network,2022-11-01,279.0
40,2-pi-network,2022-12-01,814.0
41,2-pi-network,2023-01-01,1027.0
42,2-pi-network,2023-02-01,643.0
43,2-pi-network,2023-03-01,662.0
44,2-pi-network,2023-05-01,3.0
45,aave,2022-03-01,433.0
46,aave,2022-04-01,2728.0
47,aave,2022-05-01,2519.0
48,aave,2022-06-01,3900.0
49,aave,2022-07-01,4707.0
50,aave,2022-08-01,27540.0
51,aave,2022-09-01,34969.0
52,aave,2022-10-01,39716.0
53,aave,2022-11-01,52955.0
54,aave,2022-12-01,47270.0
55,aave,2023-01-01,18388.0
56,aave,2023-02-01,7851.0
57,aave,2023-03-01,16207.0
58,aave,2023-04-01,6771.0
59,aave,2023-05-01,3141.0
60,aave,2023-06-01,4038.0
61,aave,2023-07-01,5537.0
62,aave,2023-08-01,8114.0
63,aave,2023-09-01,9194.0
64,aave,2023-10-01,8536.0
65,aave,2023-11-01,1743.0
66,abacus,2022-06-01,160.0
67,abacus,2022-07-01,839.0
68,abacus,2022-08-01,1566.0
69,abacus,2022-09-01,1445.0
70,abacus,2022-10-01,1487.0
71,abacus,2022-11-01,1761.0
72,abacus,2022-12-01,2100.0
73,abacus,2023-01-01,3219.0
74,abacus,2023-02-01,1238.0
75,abacus,2023-03-01,813.0
76,abacus,2023-04-01,794.0
77,abacus,2023-05-01,313.0
78,abacus,2023-06-01,264.0
79,abacus,2023-07-01,337.0
80,abacus,2023-08-01,269.0
81,abacus,2023-09-01,301.0
82,abacus,2023-10-01,305.0
83,abacus,2023-11-01,59.0
84,abracadabra,2022-07-01,8.0
85,abracadabra,2022-08-01,53.0
86,abracadabra,2022-11-01,7.0
87,abracadabra,2022-12-01,1.0
88,abracadabra,2023-01-01,26.0
89,abracadabra,2023-02-01,41.0
90,abracadabra,2023-04-01,1.0
91,abracadabra,2023-05-01,73.0
92,abracadabra,2023-06-01,17325.0
93,abracadabra,2023-07-01,14437.0
94,abracadabra,2023-08-01,3541.0
95,abracadabra,2023-09-01,28.0
96,across,2021-11-01,8.0
97,across,2021-12-01,1007.0
98,across,2022-01-01,611.0
99,across,2022-02-01,222.0
100,across,2022-03-01,448.0
101,across,2022-04-01,349.0
102,across,2022-05-01,2461.0
103,across,2022-06-01,24477.0
104,across,2022-07-01,20698.0
105,across,2022-08-01,18095.0
106,across,2022-09-01,14877.0
107,across,2022-10-01,25064.0
108,across,2022-11-01,56861.0
109,across,2022-12-01,16184.0
110,across,2023-01-01,9217.0
111,across,2023-02-01,7606.0
112,across,2023-03-01,8778.0
113,across,2023-04-01,9424.0
114,across,2023-05-01,6547.0
115,across,2023-06-01,12529.0
116,across,2023-07-01,18455.0
117,across,2023-08-01,31886.0
118,across,2023-09-01,22955.0
119,across,2023-10-01,23011.0
120,across,2023-11-01,2683.0
121,acrypto-s,2023-01-01,1.0
122,acrypto-s,2023-02-01,4.0
123,acrypto-s,2023-03-01,1.0
124,acrypto-s,2023-07-01,5.0
125,acrypto-s,2023-08-01,32.0
126,acrypto-s,2023-09-01,12.0
127,acrypto-s,2023-10-01,9.0
128,adrastia-oracle,2022-06-01,1673.0
129,adrastia-oracle,2022-08-01,2249.0
130,adrastia-oracle,2022-09-01,2260.0
131,adrastia-oracle,2022-10-01,1885.0
132,adrastia-oracle,2022-11-01,2544.0
133,adrastia-oracle,2022-12-01,1856.0
134,adrastia-oracle,2023-01-01,2081.0
135,adrastia-oracle,2023-02-01,1931.0
136,adrastia-oracle,2023-03-01,2307.0
137,adrastia-oracle,2023-04-01,1994.0
138,adrastia-oracle,2023-05-01,1896.0
139,adrastia-oracle,2023-06-01,1916.0
140,adrastia-oracle,2023-07-01,4914.0
141,adrastia-oracle,2023-08-01,6978.0
142,adrastia-oracle,2023-09-01,5338.0
143,adrastia-oracle,2023-10-01,5535.0
144,adrastia-oracle,2023-11-01,1175.0
145,aelin,2021-12-01,4387.0
146,aelin,2022-01-01,5101.0
147,aelin,2022-02-01,7074.0
148,aelin,2022-03-01,3915.0
149,aelin,2022-04-01,2238.0
150,aelin,2022-05-01,2298.0
151,aelin,2022-06-01,1397.0
152,aelin,2022-07-01,1155.0
153,aelin,2022-08-01,530.0
154,aelin,2022-09-01,214.0
155,aelin,2022-10-01,117.0
156,aelin,2022-11-01,185.0
157,aelin,2022-12-01,135.0
158,aelin,2023-01-01,140.0
159,aelin,2023-02-01,338.0
160,aelin,2023-03-01,259.0
161,aelin,2023-04-01,255.0
162,aelin,2023-05-01,262.0
163,aelin,2023-06-01,161.0
164,aelin,2023-07-01,384.0
165,aelin,2023-08-01,398.0
166,aelin,2023-09-01,455.0
167,aelin,2023-10-01,260.0
168,aelin,2023-11-01,18.0
169,aktionariat,2022-02-01,26.0
170,aktionariat,2022-03-01,23.0
171,aktionariat,2022-04-01,26.0
172,aktionariat,2022-05-01,45.0
173,aktionariat,2022-06-01,56.0
174,aktionariat,2022-07-01,38.0
175,aktionariat,2022-08-01,12.0
176,aktionariat,2022-09-01,36.0
177,aktionariat,2022-10-01,38.0
178,aktionariat,2022-11-01,10.0
179,aktionariat,2022-12-01,18.0
180,aktionariat,2023-01-01,13.0
181,aktionariat,2023-02-01,13.0
182,aktionariat,2023-03-01,18.0
183,aktionariat,2023-04-01,16.0
184,aktionariat,2023-05-01,51.0
185,aktionariat,2023-06-01,1.0
186,aktionariat,2023-07-01,17.0
187,aktionariat,2023-08-01,7.0
188,aktionariat,2023-09-01,12.0
189,aktionariat,2023-10-01,16.0
190,alchemix,2022-06-01,246.0
191,alchemix,2022-07-01,374.0
192,alchemix,2022-08-01,196.0
193,alchemix,2022-09-01,387.0
194,alchemix,2022-10-01,435.0
195,alchemix,2022-11-01,679.0
196,alchemix,2022-12-01,474.0
197,alchemix,2023-01-01,418.0
198,alchemix,2023-02-01,619.0
199,alchemix,2023-03-01,603.0
200,alchemix,2023-04-01,524.0
201,alchemix,2023-05-01,285.0
202,alchemix,2023-06-01,987.0
203,alchemix,2023-07-01,1661.0
204,alchemix,2023-08-01,806.0
205,alchemix,2023-09-01,403.0
206,alchemix,2023-10-01,396.0
207,alchemix,2023-11-01,82.0
208,alliance-bridge,2021-12-01,13.0
209,alliance-bridge,2022-01-01,4.0
210,alliance-bridge,2022-04-01,2.0
211,alliance-bridge,2022-05-01,4.0
212,alliance-bridge,2022-09-01,1.0
213,alliance-bridge,2022-12-01,1.0
214,alliance-bridge,2023-01-01,1.0
215,alliance-bridge,2023-03-01,3.0
216,aloe-ii,2022-06-01,27.0
217,aloe-ii,2023-02-01,61.0
218,aloe-ii,2023-03-01,10.0
219,aloe-ii,2023-04-01,8.0
220,aloe-ii,2023-05-01,8.0
221,aloe-ii,2023-07-01,5.0
222,aloe-ii,2023-09-01,3.0
223,aloe-ii,2023-10-01,2.0
224,angle-protocol,2022-06-01,2.0
225,angle-protocol,2022-07-01,314.0
226,angle-protocol,2022-08-01,298.0
227,angle-protocol,2022-09-01,330.0
228,angle-protocol,2022-10-01,776.0
229,angle-protocol,2022-11-01,2289.0
230,angle-protocol,2022-12-01,2379.0
231,angle-protocol,2023-01-01,922.0
232,angle-protocol,2023-02-01,1230.0
233,angle-protocol,2023-03-01,4217.0
234,angle-protocol,2023-04-01,7397.0
235,angle-protocol,2023-05-01,8073.0
236,angle-protocol,2023-06-01,62381.0
237,angle-protocol,2023-07-01,83501.0
238,angle-protocol,2023-08-01,45774.0
239,angle-protocol,2023-09-01,33457.0
240,angle-protocol,2023-10-01,14847.0
241,angle-protocol,2023-11-01,2156.0
242,another-world,2023-05-01,38.0
243,another-world,2023-06-01,264.0
244,another-world,2023-07-01,202.0
245,another-world,2023-08-01,315.0
246,another-world,2023-09-01,76.0
247,another-world,2023-10-01,28.0
248,another-world,2023-11-01,10.0
249,anotherblock,2023-02-01,92.0
250,anotherblock,2023-08-01,1.0
251,anotherblock,2023-09-01,2.0
252,ante-finance,2023-03-01,9.0
253,ante-finance,2023-04-01,4.0
254,ape-framework,2023-08-01,9.0
255,ape-framework,2023-09-01,6.0
256,ape-framework,2023-10-01,1.0
257,arcadia-finance,2023-03-01,948.0
258,arcadia-finance,2023-04-01,213.0
259,arcadia-finance,2023-05-01,141.0
260,arcadia-finance,2023-06-01,82.0
261,arcadia-finance,2023-07-01,85.0
262,arcadia-finance,2023-08-01,18.0
263,arcadia-finance,2023-09-01,8.0
264,arcadia-finance,2023-10-01,5.0
265,arcadia-finance,2023-11-01,5.0
266,arrakis-finance,2022-01-01,532.0
267,arrakis-finance,2022-02-01,915.0
268,arrakis-finance,2022-03-01,620.0
269,arrakis-finance,2022-04-01,1165.0
270,arrakis-finance,2022-05-01,1635.0
271,arrakis-finance,2022-06-01,1004.0
272,arrakis-finance,2022-07-01,4511.0
273,arrakis-finance,2022-08-01,1172.0
274,arrakis-finance,2022-09-01,1650.0
275,arrakis-finance,2022-10-01,1635.0
276,arrakis-finance,2022-11-01,2626.0
277,arrakis-finance,2022-12-01,1883.0
278,arrakis-finance,2023-01-01,2744.0
279,arrakis-finance,2023-02-01,4024.0
280,arrakis-finance,2023-03-01,2989.0
281,arrakis-finance,2023-04-01,2551.0
282,arrakis-finance,2023-05-01,3260.0
283,arrakis-finance,2023-06-01,1496.0
284,arrakis-finance,2023-07-01,1411.0
285,arrakis-finance,2023-08-01,927.0
286,arrakis-finance,2023-09-01,951.0
287,arrakis-finance,2023-10-01,757.0
288,arrakis-finance,2023-11-01,112.0
289,aura,2023-02-01,1.0
290,aura,2023-04-01,1.0
291,aura,2023-05-01,24.0
292,aura,2023-06-01,195.0
293,aura,2023-07-01,369.0
294,aura,2023-08-01,543.0
295,aura,2023-09-01,398.0
296,aura,2023-10-01,620.0
297,aura,2023-11-01,192.0
298,avault,2022-11-01,226.0
299,avault,2022-12-01,171.0
300,avault,2023-01-01,309.0
301,avault,2023-02-01,26860.0
302,avault,2023-03-01,4339.0
303,avault,2023-04-01,2385.0
304,avault,2023-05-01,1052.0
305,avault,2023-06-01,1268.0
306,avault,2023-07-01,665.0
307,avault,2023-08-01,300.0
308,avault,2023-09-01,68.0
309,avault,2023-10-01,51.0
310,avault,2023-11-01,3.0
311,aw-labs,2023-10-01,25.0
312,aw-labs,2023-11-01,11.0
313,axelar,2022-10-01,23.0
314,axelar,2022-12-01,8.0
315,axelar,2023-01-01,3.0
316,axelar,2023-02-01,1.0
317,axelar,2023-03-01,26.0
318,axelar,2023-04-01,15.0
319,axelar,2023-05-01,16.0
320,axelar,2023-06-01,1319.0
321,axelar,2023-07-01,3135.0
322,axelar,2023-08-01,1199.0
323,axelar,2023-09-01,2680.0
324,axelar,2023-10-01,2578.0
325,axelar,2023-11-01,732.0
326,backed,2022-04-01,1.0
327,backed,2022-06-01,2.0
328,backed,2022-07-01,2823.0
329,backed,2022-08-01,48.0
330,backed,2022-09-01,32.0
331,backed,2022-10-01,61.0
332,backed,2022-11-01,429.0
333,backed,2022-12-01,234.0
334,backed,2023-01-01,131.0
335,backed,2023-02-01,33624.0
336,backed,2023-03-01,3953.0
337,backed,2023-04-01,128.0
338,backed,2023-05-01,158.0
339,backed,2023-06-01,37.0
340,backed,2023-07-01,410.0
341,backed,2023-08-01,467.0
342,backed,2023-09-01,240.0
343,backed,2023-10-01,3.0
344,band-protocol,2021-12-01,426.0
345,band-protocol,2022-01-01,5754.0
346,band-protocol,2022-02-01,9886.0
347,band-protocol,2022-03-01,8933.0
348,band-protocol,2022-04-01,6511.0
349,band-protocol,2022-05-01,13630.0
350,band-protocol,2022-06-01,87.0
351,band-protocol,2023-02-01,214.0
352,band-protocol,2023-03-01,1562.0
353,band-protocol,2023-08-01,1.0
354,barn-bridge,2022-01-01,27.0
355,barn-bridge,2022-02-01,31.0
356,barn-bridge,2022-03-01,33.0
357,barn-bridge,2022-04-01,35.0
358,barn-bridge,2022-05-01,34.0
359,barn-bridge,2022-06-01,31.0
360,barn-bridge,2022-07-01,32.0
361,barn-bridge,2022-08-01,33.0
362,barn-bridge,2022-09-01,29.0
363,barn-bridge,2022-10-01,15.0
364,beamer-bridge,2022-07-01,29.0
365,beamer-bridge,2022-08-01,133.0
366,beamer-bridge,2022-09-01,136.0
367,beamer-bridge,2022-10-01,4812.0
368,beamer-bridge,2022-11-01,1397.0
369,beamer-bridge,2022-12-01,1509.0
370,beamer-bridge,2023-01-01,12209.0
371,beamer-bridge,2023-02-01,24382.0
372,beamer-bridge,2023-03-01,8237.0
373,beamer-bridge,2023-04-01,2724.0
374,beamer-bridge,2023-05-01,762.0
375,beamer-bridge,2023-06-01,432.0
376,beamer-bridge,2023-07-01,1364.0
377,beamer-bridge,2023-08-01,3036.0
378,beamer-bridge,2023-09-01,665.0
379,beamer-bridge,2023-10-01,93.0
380,beefy-finance,2022-06-01,186.0
381,beefy-finance,2022-07-01,8493.0
382,beefy-finance,2022-08-01,21642.0
383,beefy-finance,2022-09-01,10844.0
384,beefy-finance,2022-10-01,14990.0
385,beefy-finance,2022-11-01,13222.0
386,beefy-finance,2022-12-01,12084.0
387,beefy-finance,2023-01-01,26605.0
388,beefy-finance,2023-02-01,21074.0
389,beefy-finance,2023-03-01,18013.0
390,beefy-finance,2023-04-01,10212.0
391,beefy-finance,2023-05-01,6443.0
392,beefy-finance,2023-06-01,7600.0
393,beefy-finance,2023-07-01,13278.0
394,beefy-finance,2023-08-01,8115.0
395,beefy-finance,2023-09-01,4315.0
396,beefy-finance,2023-10-01,4257.0
397,beefy-finance,2023-11-01,736.0
398,beethoven-x,2021-12-01,3.0
399,beethoven-x,2022-01-01,4.0
400,beethoven-x,2022-02-01,7.0
401,beethoven-x,2022-03-01,8.0
402,beethoven-x,2022-04-01,8.0
403,beethoven-x,2022-05-01,39.0
404,beethoven-x,2022-06-01,11016.0
405,beethoven-x,2022-07-01,11138.0
406,beethoven-x,2022-08-01,6611.0
407,beethoven-x,2022-09-01,6013.0
408,beethoven-x,2022-10-01,36017.0
409,beethoven-x,2022-11-01,2460.0
410,beethoven-x,2022-12-01,20226.0
411,beethoven-x,2023-01-01,9449.0
412,beethoven-x,2023-02-01,6118.0
413,beethoven-x,2023-03-01,11691.0
414,beethoven-x,2023-04-01,27892.0
415,beethoven-x,2023-05-01,9997.0
416,beethoven-x,2023-06-01,26738.0
417,beethoven-x,2023-07-01,4977.0
418,beethoven-x,2023-08-01,7965.0
419,beethoven-x,2023-09-01,2799.0
420,beethoven-x,2023-10-01,1561.0
421,beethoven-x,2023-11-01,669.0
422,biconomy,2022-06-01,672.0
423,biconomy,2022-07-01,12106.0
424,biconomy,2022-08-01,14965.0
425,biconomy,2022-09-01,22413.0
426,biconomy,2022-10-01,15616.0
427,biconomy,2022-11-01,36640.0
428,biconomy,2022-12-01,31426.0
429,biconomy,2023-01-01,22952.0
430,biconomy,2023-02-01,16882.0
431,biconomy,2023-03-01,12806.0
432,biconomy,2023-04-01,17520.0
433,biconomy,2023-05-01,42593.0
434,biconomy,2023-06-01,22125.0
435,biconomy,2023-07-01,32929.0
436,biconomy,2023-08-01,18377.0
437,biconomy,2023-09-01,10834.0
438,biconomy,2023-10-01,7105.0
439,biconomy,2023-11-01,1683.0
440,bit-btc-protocol,2021-11-01,765.0
441,bit-btc-protocol,2021-12-01,3094.0
442,bit-btc-protocol,2022-01-01,899.0
443,bit-btc-protocol,2022-02-01,582.0
444,bit-btc-protocol,2022-03-01,404.0
445,bit-btc-protocol,2022-04-01,804.0
446,bit-btc-protocol,2022-05-01,350.0
447,bit-btc-protocol,2022-06-01,340.0
448,bit-btc-protocol,2022-07-01,270.0
449,bit-btc-protocol,2022-08-01,55.0
450,bit-btc-protocol,2022-09-01,32.0
451,bit-btc-protocol,2022-10-01,53.0
452,bit-btc-protocol,2022-11-01,11.0
453,bit-btc-protocol,2022-12-01,20.0
454,bit-btc-protocol,2023-01-01,22.0
455,bit-btc-protocol,2023-02-01,219.0
456,bit-btc-protocol,2023-03-01,96.0
457,bit-btc-protocol,2023-04-01,48.0
458,bit-btc-protocol,2023-05-01,27.0
459,bit-btc-protocol,2023-06-01,16.0
460,bit-btc-protocol,2023-07-01,182.0
461,bit-btc-protocol,2023-08-01,38.0
462,bit-btc-protocol,2023-09-01,28.0
463,bit-btc-protocol,2023-10-01,14.0
464,bit-btc-protocol,2023-11-01,1.0
465,bitkeep,2022-10-01,2.0
466,bitkeep,2022-11-01,296.0
467,bitkeep,2022-12-01,332.0
468,bitkeep,2023-01-01,208.0
469,bitkeep,2023-02-01,390.0
470,bitkeep,2023-03-01,771.0
471,bitkeep,2023-04-01,585.0
472,bitkeep,2023-05-01,296.0
473,bitkeep,2023-06-01,344.0
474,bitkeep,2023-10-01,1.0
475,bond-protocol,2023-05-01,22.0
476,boring-dao,2021-11-01,64.0
477,boring-dao,2021-12-01,38.0
478,boring-dao,2022-01-01,37.0
479,boring-dao,2022-02-01,33.0
480,boring-dao,2022-03-01,33.0
481,boring-dao,2022-04-01,21.0
482,boring-dao,2022-05-01,40.0
483,boring-dao,2022-06-01,738.0
484,boring-dao,2022-07-01,32.0
485,boring-dao,2022-08-01,76.0
486,boring-dao,2022-09-01,63.0
487,boring-dao,2022-10-01,40.0
488,boring-dao,2022-11-01,25.0
489,boring-dao,2022-12-01,1.0
490,boring-dao,2023-01-01,13.0
491,boring-dao,2023-02-01,8.0
492,boring-dao,2023-03-01,16.0
493,boring-dao,2023-04-01,5.0
494,boring-dao,2023-05-01,20.0
495,boring-dao,2023-06-01,1.0
496,boring-dao,2023-07-01,7.0
497,boring-dao,2023-08-01,17.0
498,boring-dao,2023-09-01,9.0
499,boring-dao,2023-10-01,32.0
500,boring-dao,2023-11-01,10.0
501,brahma,2022-01-01,12.0
502,brahma,2022-02-01,14.0
503,brahma,2022-03-01,1.0
504,brahma,2022-04-01,20.0
505,brahma,2022-05-01,18.0
506,brahma,2022-06-01,13.0
507,brahma,2022-07-01,34.0
508,brahma,2022-08-01,6.0
509,brahma,2022-09-01,18.0
510,brahma,2022-10-01,22.0
511,brahma,2022-11-01,6.0
512,brahma,2022-12-01,9.0
513,brahma,2023-01-01,16.0
514,brahma,2023-02-01,12.0
515,brahma,2023-03-01,22.0
516,brahma,2023-04-01,23.0
517,brahma,2023-05-01,15.0
518,btc-mirror,2022-01-01,206.0
519,celer,2021-11-01,1148.0
520,celer,2021-12-01,6608.0
521,celer,2022-01-01,4844.0
522,celer,2022-02-01,3512.0
523,celer,2022-03-01,3066.0
524,celer,2022-04-01,4148.0
525,celer,2022-05-01,9522.0
526,celer,2022-06-01,19784.0
527,celer,2022-07-01,7222.0
528,celer,2022-08-01,3944.0
529,celer,2022-09-01,4078.0
530,celer,2022-10-01,3979.0
531,celer,2022-11-01,12131.0
532,celer,2022-12-01,19556.0
533,celer,2023-01-01,14483.0
534,celer,2023-02-01,12097.0
535,celer,2023-03-01,20086.0
536,celer,2023-04-01,19879.0
537,celer,2023-05-01,13110.0
538,celer,2023-06-01,9716.0
539,celer,2023-07-01,7948.0
540,celer,2023-08-01,5839.0
541,celer,2023-09-01,1562.0
542,celer,2023-10-01,1445.0
543,celer,2023-11-01,452.0
544,chain-hop,2022-05-01,394.0
545,chain-hop,2022-06-01,2684.0
546,chain-hop,2022-07-01,1040.0
547,chain-hop,2022-08-01,771.0
548,chain-hop,2022-09-01,2501.0
549,chain-hop,2022-10-01,8402.0
550,chain-hop,2022-11-01,46479.0
551,chain-hop,2022-12-01,23071.0
552,chain-hop,2023-01-01,18055.0
553,chain-hop,2023-02-01,9354.0
554,chain-hop,2023-03-01,2554.0
555,chain-hop,2023-04-01,2822.0
556,chain-hop,2023-05-01,1420.0
557,chain-hop,2023-06-01,1236.0
558,chainlink,2022-01-01,35540.0
559,chainlink,2022-02-01,65368.0
560,chainlink,2022-03-01,87688.0
561,chainlink,2022-04-01,117645.0
562,chainlink,2022-05-01,374827.0
563,chainlink,2022-06-01,326861.0
564,chainlink,2022-07-01,219514.0
565,chainlink,2022-08-01,182564.0
566,chainlink,2022-09-01,183919.0
567,chainlink,2022-10-01,160037.0
568,chainlink,2022-11-01,298397.0
569,chainlink,2022-12-01,138960.0
570,chainlink,2023-01-01,235751.0
571,chainlink,2023-02-01,205884.0
572,chainlink,2023-03-01,236699.0
573,chainlink,2023-04-01,174098.0
574,chainlink,2023-05-01,139574.0
575,chainlink,2023-06-01,186740.0
576,chainlink,2023-07-01,172430.0
577,chainlink,2023-08-01,150191.0
578,chainlink,2023-09-01,152402.0
579,chainlink,2023-10-01,216429.0
580,chainlink,2023-11-01,58134.0
581,chronicleprotocol,2022-08-01,3.0
582,chronicleprotocol,2022-09-01,2.0
583,chronicleprotocol,2022-10-01,1.0
584,cliqueofficial,2023-01-01,14452.0
585,cliqueofficial,2023-02-01,29739.0
586,cliqueofficial,2023-03-01,11502.0
587,cliqueofficial,2023-04-01,15980.0
588,cliqueofficial,2023-05-01,99993.0
589,cliqueofficial,2023-06-01,6539.0
590,cliqueofficial,2023-07-01,192.0
591,cliqueofficial,2023-08-01,135.0
592,cliqueofficial,2023-09-01,93.0
593,cliqueofficial,2023-10-01,44.0
594,cliqueofficial,2023-11-01,4.0
595,coinpassport,2022-05-01,11.0
596,coinpassport,2022-06-01,10.0
597,coinpassport,2022-07-01,3.0
598,coinpassport,2022-09-01,1.0
599,coinpassport,2023-01-01,1.0
600,coinpassport,2023-02-01,1.0
601,coinpassport,2023-04-01,1.0
602,coinpassport,2023-05-01,2.0
603,connext,2021-11-01,1678.0
604,connext,2021-12-01,11100.0
605,connext,2022-01-01,2144.0
606,connext,2022-02-01,1117.0
607,connext,2022-03-01,2760.0
608,connext,2022-04-01,4112.0
609,connext,2022-05-01,3274.0
610,connext,2022-06-01,5700.0
611,connext,2022-07-01,1832.0
612,connext,2022-08-01,1961.0
613,connext,2022-09-01,826.0
614,connext,2022-10-01,674.0
615,connext,2022-11-01,20.0
616,connext,2022-12-01,255.0
617,connext,2023-01-01,1250.0
618,connext,2023-02-01,8578.0
619,connext,2023-03-01,5568.0
620,connext,2023-04-01,3825.0
621,connext,2023-05-01,11046.0
622,connext,2023-06-01,4356.0
623,connext,2023-07-01,3139.0
624,connext,2023-08-01,4726.0
625,connext,2023-09-01,5908.0
626,connext,2023-10-01,817.0
627,connext,2023-11-01,172.0
628,coordinape,2023-06-01,4716.0
629,coordinape,2023-07-01,11622.0
630,coordinape,2023-08-01,16162.0
631,coordinape,2023-09-01,11983.0
632,coordinape,2023-10-01,2135.0
633,coordinape,2023-11-01,157.0
634,cozy-finance,2022-06-01,125.0
635,cozy-finance,2022-07-01,73.0
636,cozy-finance,2022-08-01,186.0
637,cozy-finance,2022-09-01,214.0
638,cozy-finance,2022-10-01,116.0
639,cozy-finance,2022-11-01,51.0
640,cozy-finance,2022-12-01,218.0
641,cozy-finance,2023-01-01,154.0
642,cozy-finance,2023-02-01,104.0
643,cozy-finance,2023-03-01,55.0
644,cozy-finance,2023-04-01,178.0
645,cozy-finance,2023-05-01,2808.0
646,cozy-finance,2023-06-01,312.0
647,cozy-finance,2023-07-01,203.0
648,cozy-finance,2023-08-01,170.0
649,cozy-finance,2023-09-01,74.0
650,cozy-finance,2023-10-01,23.0
651,crustio,2023-07-01,1.0
652,crustio,2023-09-01,1.0
653,crustio,2023-10-01,1.0
654,curve,2022-01-01,343.0
655,curve,2022-02-01,203.0
656,curve,2022-03-01,295.0
657,curve,2022-04-01,4400.0
658,curve,2022-05-01,2430.0
659,curve,2022-06-01,4821.0
660,curve,2022-07-01,8584.0
661,curve,2022-08-01,6453.0
662,curve,2022-09-01,10977.0
663,curve,2022-10-01,54046.0
664,curve,2022-11-01,42643.0
665,curve,2022-12-01,50134.0
666,curve,2023-01-01,34695.0
667,curve,2023-02-01,14880.0
668,curve,2023-03-01,10575.0
669,curve,2023-04-01,6463.0
670,curve,2023-05-01,2993.0
671,curve,2023-06-01,4473.0
672,curve,2023-07-01,3793.0
673,curve,2023-08-01,3495.0
674,curve,2023-09-01,2337.0
675,curve,2023-10-01,2080.0
676,curve,2023-11-01,317.0
677,d-hedge,2021-11-01,10.0
678,d-hedge,2021-12-01,74.0
679,d-hedge,2022-01-01,6.0
680,d-hedge,2022-02-01,9.0
681,d-hedge,2022-03-01,28.0
682,d-hedge,2022-04-01,29.0
683,d-hedge,2022-05-01,34.0
684,d-hedge,2022-06-01,229.0
685,d-hedge,2022-07-01,538.0
686,d-hedge,2022-08-01,993.0
687,d-hedge,2022-09-01,4684.0
688,d-hedge,2022-10-01,3525.0
689,d-hedge,2022-11-01,1935.0
690,d-hedge,2022-12-01,1512.0
691,d-hedge,2023-01-01,1365.0
692,d-hedge,2023-02-01,4913.0
693,d-hedge,2023-03-01,2866.0
694,d-hedge,2023-04-01,2530.0
695,d-hedge,2023-05-01,1651.0
696,d-hedge,2023-06-01,1742.0
697,d-hedge,2023-07-01,1571.0
698,d-hedge,2023-08-01,1525.0
699,d-hedge,2023-09-01,993.0
700,d-hedge,2023-10-01,1006.0
701,d-hedge,2023-11-01,272.0
702,dapp-learning-dao,2023-10-01,39.0
703,dapp-learning-dao,2023-11-01,77.0
704,de-bank,2022-08-01,1.0
705,de-bank,2022-09-01,543.0
706,de-bank,2022-10-01,434.0
707,de-bank,2023-05-01,2.0
708,de-bank,2023-06-01,5420.0
709,de-bank,2023-07-01,9096.0
710,de-bank,2023-08-01,8072.0
711,de-bank,2023-09-01,2489.0
712,de-bank,2023-10-01,2035.0
713,de-bank,2023-11-01,296.0
714,debridge-finance,2023-04-01,1.0
715,debridge-finance,2023-08-01,358.0
716,debridge-finance,2023-09-01,787.0
717,debridge-finance,2023-10-01,649.0
718,debridge-finance,2023-11-01,210.0
719,decent,2022-10-01,9.0
720,decent,2022-11-01,6.0
721,decent,2022-12-01,7.0
722,decent,2023-01-01,4.0
723,decent,2023-02-01,6.0
724,decent,2023-03-01,15.0
725,decent,2023-04-01,17.0
726,decent,2023-05-01,60.0
727,decent,2023-06-01,44.0
728,decent,2023-07-01,28.0
729,decent,2023-08-01,35.0
730,decent,2023-09-01,22.0
731,decent,2023-10-01,14.0
732,decentragora,2023-05-01,41.0
733,decentragora,2023-06-01,13.0
734,decentragora,2023-09-01,1.0
735,defi-llama,2022-04-01,2.0
736,defi-llama,2022-05-01,1.0
737,defi-llama,2022-06-01,1.0
738,defi-llama,2022-10-01,3.0
739,defi-llama,2022-12-01,1.0
740,defi-llama,2023-01-01,5.0
741,defi-llama,2023-02-01,1831.0
742,defi-llama,2023-03-01,6714.0
743,defi-llama,2023-04-01,10794.0
744,defi-llama,2023-05-01,5781.0
745,defi-llama,2023-06-01,9128.0
746,defi-llama,2023-07-01,11549.0
747,defi-llama,2023-08-01,10247.0
748,defi-llama,2023-09-01,10572.0
749,defi-llama,2023-10-01,6977.0
750,defi-llama,2023-11-01,1442.0
751,defiedge,2022-04-01,13.0
752,defiedge,2022-05-01,17.0
753,defiedge,2022-06-01,10.0
754,defiedge,2022-07-01,6.0
755,defiedge,2022-08-01,7.0
756,defiedge,2022-09-01,27.0
757,defiedge,2022-10-01,2.0
758,defiedge,2023-01-01,1006.0
759,defiedge,2023-02-01,880.0
760,defiedge,2023-03-01,217.0
761,defiedge,2023-04-01,55.0
762,defiedge,2023-05-01,38.0
763,defiedge,2023-06-01,79.0
764,defiedge,2023-07-01,16.0
765,defiedge,2023-08-01,23.0
766,defiedge,2023-09-01,4.0
767,defiedge,2023-10-01,11.0
768,defiedge,2023-11-01,1.0
769,delegatexyz,2023-01-01,2.0
770,delegatexyz,2023-02-01,533.0
771,delegatexyz,2023-03-01,523.0
772,delegatexyz,2023-04-01,481.0
773,delegatexyz,2023-05-01,227.0
774,delegatexyz,2023-06-01,102.0
775,delegatexyz,2023-07-01,113.0
776,delegatexyz,2023-08-01,238.0
777,delegatexyz,2023-09-01,102.0
778,delegatexyz,2023-10-01,29.0
779,delegatexyz,2023-11-01,14.0
780,dforce-network,2021-11-01,45.0
781,dforce-network,2021-12-01,240.0
782,dforce-network,2022-01-01,43.0
783,dforce-network,2022-02-01,144.0
784,dforce-network,2022-03-01,1061.0
785,dforce-network,2022-04-01,194.0
786,dforce-network,2022-05-01,36.0
787,dforce-network,2022-06-01,659.0
788,dforce-network,2022-07-01,968.0
789,dforce-network,2022-08-01,1234.0
790,dforce-network,2022-09-01,1178.0
791,dforce-network,2022-10-01,1628.0
792,dforce-network,2022-11-01,3342.0
793,dforce-network,2022-12-01,3171.0
794,dforce-network,2023-01-01,2844.0
795,dforce-network,2023-02-01,4793.0
796,dforce-network,2023-03-01,3990.0
797,dforce-network,2023-04-01,1616.0
798,dforce-network,2023-05-01,1407.0
799,dforce-network,2023-06-01,3041.0
800,dforce-network,2023-07-01,1965.0
801,dforce-network,2023-08-01,1572.0
802,dforce-network,2023-09-01,1137.0
803,dforce-network,2023-10-01,1216.0
804,dforce-network,2023-11-01,372.0
805,dm3-protocol,2023-03-01,5.0
806,dopedao,2021-11-01,76.0
807,dopedao,2021-12-01,81.0
808,dopedao,2022-01-01,265.0
809,dopedao,2022-02-01,2807.0
810,dopedao,2022-03-01,434.0
811,dopedao,2022-04-01,2379.0
812,dopedao,2022-05-01,1947.0
813,dopedao,2022-06-01,365.0
814,dopedao,2022-07-01,304.0
815,dopedao,2022-08-01,155.0
816,dopedao,2022-09-01,449.0
817,dopedao,2022-10-01,1293.0
818,dopedao,2022-11-01,339.0
819,dopedao,2022-12-01,150.0
820,dopedao,2023-01-01,189.0
821,dopedao,2023-02-01,235.0
822,dopedao,2023-03-01,243.0
823,dopedao,2023-04-01,51.0
824,dopedao,2023-05-01,38.0
825,dopedao,2023-06-01,65.0
826,dopedao,2023-07-01,138.0
827,dopedao,2023-08-01,16.0
828,dopedao,2023-09-01,8.0
829,dopedao,2023-10-01,10.0
830,dopedao,2023-11-01,4.0
831,eco-association,2023-06-01,9.0
832,eco-association,2023-07-01,120.0
833,eco-association,2023-08-01,77.0
834,eco-association,2023-09-01,97.0
835,eco-association,2023-10-01,23.0
836,eden-network,2023-02-01,1.0
837,eden-network,2023-03-01,3.0
838,elk-finance,2022-04-01,28.0
839,elk-finance,2022-05-01,1330.0
840,elk-finance,2022-06-01,1248.0
841,elk-finance,2022-07-01,899.0
842,elk-finance,2022-08-01,1371.0
843,elk-finance,2022-09-01,847.0
844,elk-finance,2022-10-01,846.0
845,elk-finance,2022-11-01,687.0
846,elk-finance,2022-12-01,436.0
847,elk-finance,2023-01-01,591.0
848,elk-finance,2023-02-01,1138.0
849,elk-finance,2023-03-01,1226.0
850,elk-finance,2023-04-01,670.0
851,elk-finance,2023-05-01,420.0
852,elk-finance,2023-06-01,375.0
853,elk-finance,2023-07-01,479.0
854,elk-finance,2023-08-01,455.0
855,elk-finance,2023-09-01,317.0
856,elk-finance,2023-10-01,279.0
857,elk-finance,2023-11-01,58.0
858,endaoment,2023-10-01,56.0
859,endaoment,2023-11-01,1.0
860,eth-infinitism-account-abstraction,2023-04-01,39.0
861,eth-infinitism-account-abstraction,2023-05-01,99.0
862,eth-infinitism-account-abstraction,2023-06-01,421.0
863,eth-infinitism-account-abstraction,2023-07-01,7939.0
864,eth-infinitism-account-abstraction,2023-08-01,262151.0
865,eth-infinitism-account-abstraction,2023-09-01,32465.0
866,eth-infinitism-account-abstraction,2023-10-01,22362.0
867,eth-infinitism-account-abstraction,2023-11-01,12117.0
868,ethereum-attestation-service,2023-07-01,271.0
869,ethereum-attestation-service,2023-08-01,337.0
870,ethereum-attestation-service,2023-09-01,3115.0
871,ethereum-attestation-service,2023-10-01,8212.0
872,ethereum-attestation-service,2023-11-01,174.0
873,exactly,2023-03-01,1229.0
874,exactly,2023-04-01,16383.0
875,exactly,2023-05-01,18937.0
876,exactly,2023-06-01,25309.0
877,exactly,2023-07-01,44116.0
878,exactly,2023-08-01,20537.0
879,exactly,2023-09-01,5554.0
880,exactly,2023-10-01,3293.0
881,exactly,2023-11-01,553.0
882,extra-finance,2023-05-01,1790.0
883,extra-finance,2023-06-01,4576.0
884,extra-finance,2023-07-01,33274.0
885,extra-finance,2023-08-01,44765.0
886,extra-finance,2023-09-01,33539.0
887,extra-finance,2023-10-01,32444.0
888,extra-finance,2023-11-01,6249.0
889,filosofiacodigo,2023-04-01,71.0
890,filosofiacodigo,2023-06-01,183.0
891,filosofiacodigo,2023-09-01,198.0
892,filosofiacodigo,2023-10-01,3.0
893,flashstake,2022-09-01,5.0
894,flashstake,2022-10-01,35.0
895,flashstake,2022-11-01,20.0
896,flashstake,2022-12-01,19.0
897,flashstake,2023-01-01,41.0
898,flashstake,2023-02-01,39.0
899,flashstake,2023-03-01,27.0
900,flashstake,2023-04-01,25.0
901,flashstake,2023-05-01,26.0
902,flashstake,2023-06-01,31.0
903,flashstake,2023-07-01,44.0
904,flashstake,2023-08-01,15.0
905,flashstake,2023-09-01,8.0
906,flashstake,2023-10-01,13.0
907,flashstake,2023-11-01,11.0
908,flipside-crypto,2022-12-01,6657.0
909,flipside-crypto,2023-01-01,39983.0
910,flipside-crypto,2023-02-01,3685.0
911,flipside-crypto,2023-03-01,675.0
912,flipside-crypto,2023-04-01,190.0
913,flipside-crypto,2023-05-01,232.0
914,flipside-crypto,2023-06-01,50.0
915,flipside-crypto,2023-07-01,33.0
916,flipside-crypto,2023-08-01,114.0
917,flipside-crypto,2023-09-01,164.0
918,flipside-crypto,2023-10-01,9.0
919,flipside-crypto,2023-11-01,1.0
920,fraxfinance,2022-01-01,303.0
921,fraxfinance,2022-02-01,525.0
922,fraxfinance,2022-03-01,506.0
923,fraxfinance,2022-04-01,404.0
924,fraxfinance,2022-05-01,468.0
925,fraxfinance,2022-06-01,818.0
926,fraxfinance,2022-07-01,1001.0
927,fraxfinance,2022-08-01,1061.0
928,fraxfinance,2022-09-01,767.0
929,fraxfinance,2022-10-01,910.0
930,fraxfinance,2022-11-01,2059.0
931,fraxfinance,2022-12-01,2082.0
932,fraxfinance,2023-01-01,1178.0
933,fraxfinance,2023-02-01,1601.0
934,fraxfinance,2023-03-01,2235.0
935,fraxfinance,2023-04-01,3042.0
936,fraxfinance,2023-05-01,1871.0
937,fraxfinance,2023-06-01,3638.0
938,fraxfinance,2023-07-01,5433.0
939,fraxfinance,2023-08-01,3215.0
940,fraxfinance,2023-09-01,2278.0
941,fraxfinance,2023-10-01,2347.0
942,fraxfinance,2023-11-01,458.0
943,fraxswap,2022-07-01,12.0
944,fraxswap,2022-08-01,59.0
945,fraxswap,2022-09-01,103.0
946,fraxswap,2022-10-01,639.0
947,fraxswap,2022-11-01,95.0
948,fraxswap,2022-12-01,107.0
949,fraxswap,2023-01-01,16.0
950,fraxswap,2023-02-01,2.0
951,fraxswap,2023-04-01,1.0
952,fraxswap,2023-05-01,2.0
953,fraxswap,2023-06-01,2.0
954,fraxswap,2023-08-01,3.0
955,fraxswap,2023-10-01,2.0
956,fuji-finance,2022-08-01,55.0
957,fuji-finance,2022-09-01,3.0
958,fuji-finance,2022-12-01,6.0
959,fuji-finance,2023-01-01,12.0
960,fuji-finance,2023-02-01,8.0
961,fuji-finance,2023-03-01,54.0
962,fuji-finance,2023-04-01,47.0
963,fuji-finance,2023-05-01,56.0
964,fuji-finance,2023-06-01,227.0
965,fuji-finance,2023-07-01,520.0
966,fuji-finance,2023-08-01,1225.0
967,fuji-finance,2023-09-01,290.0
968,fuji-finance,2023-10-01,27.0
969,fuji-finance,2023-11-01,6.0
970,galxe,2022-07-01,4042.0
971,galxe,2022-08-01,8734.0
972,galxe,2022-09-01,163051.0
973,galxe,2022-10-01,253915.0
974,galxe,2022-12-01,162574.0
975,galxe,2023-01-01,97965.0
976,galxe,2023-02-01,12395.0
977,galxe,2023-03-01,43770.0
978,galxe,2023-04-01,40335.0
979,galxe,2023-05-01,149196.0
980,galxe,2023-06-01,1085920.0
981,galxe,2023-07-01,139303.0
982,galxe,2023-08-01,157615.0
983,galxe,2023-09-01,139358.0
984,galxe,2023-10-01,33450.0
985,galxe,2023-11-01,10622.0
986,gelato,2022-01-01,212.0
987,gelato,2022-02-01,1925.0
988,gelato,2022-03-01,4963.0
989,gelato,2022-04-01,10684.0
990,gelato,2022-05-01,9251.0
991,gelato,2022-06-01,9111.0
992,gelato,2022-07-01,6100.0
993,gelato,2022-08-01,6843.0
994,gelato,2022-09-01,4448.0
995,gelato,2022-10-01,4183.0
996,gelato,2022-11-01,6240.0
997,gelato,2022-12-01,10324.0
998,gelato,2023-01-01,17975.0
999,gelato,2023-02-01,23958.0
1000,gelato,2023-03-01,20453.0
1001,gelato,2023-04-01,11536.0
1002,gelato,2023-05-01,13925.0
1003,gelato,2023-06-01,12238.0
1004,gelato,2023-07-01,25217.0
1005,gelato,2023-08-01,33666.0
1006,gelato,2023-09-01,18359.0
1007,gelato,2023-10-01,11384.0
1008,gelato,2023-11-01,2468.0
1009,geo-web,2022-12-01,4.0
1010,geo-web,2023-01-01,4.0
1011,geo-web,2023-02-01,62.0
1012,geo-web,2023-03-01,13.0
1013,geo-web,2023-04-01,24.0
1014,geo-web,2023-05-01,137.0
1015,geo-web,2023-06-01,9.0
1016,geo-web,2023-07-01,5.0
1017,geo-web,2023-08-01,1.0
1018,geo-web,2023-09-01,3.0
1019,geo-web,2023-10-01,1.0
1020,geo-web,2023-11-01,1.0
1021,gitcoin,2022-08-01,5.0
1022,gitcoin,2022-09-01,18.0
1023,gitcoin,2022-10-01,7.0
1024,gitcoin,2022-11-01,7.0
1025,gitcoin,2022-12-01,22.0
1026,gitcoin,2023-01-01,46.0
1027,gitcoin,2023-02-01,5.0
1028,gitcoin,2023-03-01,10.0
1029,gitcoin,2023-04-01,561.0
1030,gitcoin,2023-05-01,222.0
1031,gitcoin,2023-06-01,309.0
1032,gitcoin,2023-07-01,196.0
1033,gitcoin,2023-08-01,66921.0
1034,gitcoin,2023-09-01,6461.0
1035,gitcoin,2023-10-01,4483.0
1036,gitcoin,2023-11-01,748.0
1037,gov-w3hc,2023-03-01,7.0
1038,gov-w3hc,2023-06-01,3.0
1039,gov-w3hc,2023-08-01,9.0
1040,granary,2022-05-01,24.0
1041,granary,2022-06-01,1690.0
1042,granary,2022-07-01,1454.0
1043,granary,2022-08-01,587.0
1044,granary,2022-09-01,1972.0
1045,granary,2022-10-01,3642.0
1046,granary,2022-11-01,5867.0
1047,granary,2022-12-01,6274.0
1048,granary,2023-01-01,4466.0
1049,granary,2023-02-01,2522.0
1050,granary,2023-03-01,5608.0
1051,granary,2023-04-01,3150.0
1052,granary,2023-05-01,2610.0
1053,granary,2023-06-01,2123.0
1054,granary,2023-07-01,4568.0
1055,granary,2023-08-01,2488.0
1056,granary,2023-09-01,1096.0
1057,granary,2023-10-01,1693.0
1058,granary,2023-11-01,298.0
1059,grateful-protocol,2023-10-01,83.0
1060,grateful-protocol,2023-11-01,10.0
1061,gysr,2022-05-01,14.0
1062,gysr,2022-06-01,1.0
1063,gysr,2022-11-01,5.0
1064,gysr,2023-01-01,3.0
1065,gysr,2023-03-01,2.0
1066,gysr,2023-06-01,40.0
1067,hashflow,2022-05-01,5675.0
1068,hashflow,2022-06-01,7702.0
1069,hashflow,2022-07-01,2278.0
1070,hashflow,2022-08-01,6167.0
1071,hashflow,2022-09-01,2561.0
1072,hashflow,2022-10-01,7124.0
1073,hashflow,2022-11-01,1692.0
1074,hashflow,2022-12-01,333.0
1075,hashflow,2023-01-01,485.0
1076,hashflow,2023-02-01,612.0
1077,hashflow,2023-03-01,1157.0
1078,hashflow,2023-04-01,4239.0
1079,hashflow,2023-05-01,3197.0
1080,hashflow,2023-06-01,2581.0
1081,hashflow,2023-07-01,2539.0
1082,hashflow,2023-08-01,1600.0
1083,hashflow,2023-09-01,388.0
1084,hashflow,2023-10-01,83.0
1085,hashflow,2023-11-01,11.0
1086,hats-protocol,2023-07-01,41.0
1087,hats-protocol,2023-08-01,44.0
1088,hats-protocol,2023-09-01,57.0
1089,hats-protocol,2023-10-01,36.0
1090,hats-protocol,2023-11-01,36.0
1091,hausdao,2023-01-01,2.0
1092,hausdao,2023-03-01,2.0
1093,hausdao,2023-04-01,5.0
1094,hausdao,2023-06-01,14.0
1095,hausdao,2023-07-01,1.0
1096,hausdao,2023-08-01,3.0
1097,hausdao,2023-09-01,8.0
1098,hausdao,2023-10-01,7.0
1099,hedgey-finance,2023-08-01,21.0
1100,hedgey-finance,2023-09-01,59.0
1101,hedgey-finance,2023-10-01,3.0
1102,hedgey-finance,2023-11-01,1.0
1103,holograph,2023-05-01,255.0
1104,holograph,2023-06-01,8106.0
1105,holograph,2023-07-01,5871.0
1106,holograph,2023-08-01,3047.0
1107,holograph,2023-09-01,2888.0
1108,holograph,2023-10-01,1618.0
1109,holograph,2023-11-01,422.0
1110,holonym-foundation,2022-12-01,3.0
1111,holonym-foundation,2023-01-01,55.0
1112,holonym-foundation,2023-02-01,20.0
1113,holonym-foundation,2023-03-01,41.0
1114,holonym-foundation,2023-04-01,23.0
1115,holonym-foundation,2023-05-01,16.0
1116,holonym-foundation,2023-06-01,7.0
1117,holonym-foundation,2023-07-01,13182.0
1118,holonym-foundation,2023-08-01,11307.0
1119,holonym-foundation,2023-09-01,1421.0
1120,holonym-foundation,2023-10-01,1646.0
1121,holonym-foundation,2023-11-01,438.0
1122,hop-protocol,2021-11-01,1459.0
1123,hop-protocol,2021-12-01,3019.0
1124,hop-protocol,2022-01-01,2405.0
1125,hop-protocol,2022-02-01,1398.0
1126,hop-protocol,2022-03-01,2948.0
1127,hop-protocol,2022-04-01,5439.0
1128,hop-protocol,2022-05-01,4946.0
1129,hop-protocol,2022-06-01,3940.0
1130,hop-protocol,2022-07-01,854.0
1131,hop-protocol,2022-08-01,867.0
1132,hop-protocol,2022-09-01,6939.0
1133,hop-protocol,2022-10-01,23471.0
1134,hop-protocol,2022-11-01,58508.0
1135,hop-protocol,2022-12-01,61200.0
1136,hop-protocol,2023-01-01,46835.0
1137,hop-protocol,2023-02-01,18300.0
1138,hop-protocol,2023-03-01,19747.0
1139,hop-protocol,2023-04-01,10886.0
1140,hop-protocol,2023-05-01,6847.0
1141,hop-protocol,2023-06-01,5693.0
1142,hop-protocol,2023-07-01,5246.0
1143,hop-protocol,2023-08-01,7133.0
1144,hop-protocol,2023-09-01,4943.0
1145,hop-protocol,2023-10-01,4369.0
1146,hop-protocol,2023-11-01,726.0
1147,hundred-finance,2022-01-01,1.0
1148,hundred-finance,2022-02-01,37.0
1149,hundred-finance,2022-03-01,1208.0
1150,hundred-finance,2022-04-01,980.0
1151,hundred-finance,2022-05-01,693.0
1152,hundred-finance,2022-06-01,615.0
1153,hundred-finance,2022-07-01,713.0
1154,hundred-finance,2022-08-01,843.0
1155,hundred-finance,2022-09-01,444.0
1156,hundred-finance,2022-10-01,239.0
1157,hundred-finance,2022-11-01,676.0
1158,hundred-finance,2022-12-01,4229.0
1159,hundred-finance,2023-01-01,2835.0
1160,hundred-finance,2023-02-01,1958.0
1161,hundred-finance,2023-03-01,1449.0
1162,hundred-finance,2023-04-01,775.0
1163,hundred-finance,2023-05-01,149.0
1164,hundred-finance,2023-06-01,350.0
1165,hundred-finance,2023-07-01,387.0
1166,hundred-finance,2023-08-01,269.0
1167,hundred-finance,2023-09-01,67.0
1168,hundred-finance,2023-10-01,48.0
1169,hundred-finance,2023-11-01,4.0
1170,hypercerts,2023-02-01,4.0
1171,hypercerts,2023-03-01,780.0
1172,hypercerts,2023-04-01,6375.0
1173,hypercerts,2023-05-01,4209.0
1174,hypercerts,2023-06-01,1272.0
1175,hypercerts,2023-07-01,25496.0
1176,hypercerts,2023-08-01,16347.0
1177,hypercerts,2023-09-01,5906.0
1178,hypercerts,2023-10-01,9612.0
1179,hypercerts,2023-11-01,263.0
1180,idriss-crypto,2023-08-01,133.0
1181,idriss-crypto,2023-09-01,16.0
1182,idriss-crypto,2023-10-01,71.0
1183,idriss-crypto,2023-11-01,14.0
1184,infinity-keys,2022-08-01,34.0
1185,infinity-keys,2022-09-01,15.0
1186,infinity-keys,2022-10-01,20.0
1187,infinity-keys,2022-11-01,4165.0
1188,infinity-keys,2022-12-01,3429.0
1189,infinity-keys,2023-01-01,57.0
1190,infinity-keys,2023-02-01,124.0
1191,infinity-keys,2023-03-01,158.0
1192,infinity-keys,2023-04-01,63.0
1193,infinity-keys,2023-05-01,231.0
1194,infinity-keys,2023-06-01,275.0
1195,infinity-keys,2023-07-01,89.0
1196,infinity-keys,2023-08-01,66.0
1197,infinity-keys,2023-09-01,108.0
1198,infinity-keys,2023-10-01,46.0
1199,infinity-keys,2023-11-01,6.0
1200,insta-dapp,2022-01-01,44.0
1201,insta-dapp,2022-02-01,36.0
1202,insta-dapp,2022-03-01,34.0
1203,insta-dapp,2022-04-01,82.0
1204,insta-dapp,2022-05-01,138.0
1205,insta-dapp,2022-06-01,187.0
1206,insta-dapp,2022-07-01,31.0
1207,insta-dapp,2022-08-01,422.0
1208,insta-dapp,2022-09-01,51.0
1209,insta-dapp,2022-10-01,25.0
1210,insta-dapp,2022-12-01,4.0
1211,insta-dapp,2023-01-01,19.0
1212,insta-dapp,2023-02-01,44.0
1213,insta-dapp,2023-03-01,66.0
1214,insta-dapp,2023-04-01,34.0
1215,insta-dapp,2023-05-01,30.0
1216,insta-dapp,2023-06-01,36.0
1217,insta-dapp,2023-07-01,13.0
1218,insta-dapp,2023-08-01,5.0
1219,insta-dapp,2023-09-01,13.0
1220,insta-dapp,2023-10-01,7.0
1221,insta-dapp,2023-11-01,2.0
1222,insuredao,2022-07-01,28.0
1223,insuredao,2022-08-01,46.0
1224,insuredao,2022-11-01,4.0
1225,insuredao,2022-12-01,9.0
1226,insuredao,2023-01-01,2.0
1227,insuredao,2023-02-01,9.0
1228,insuredao,2023-03-01,2.0
1229,insuredao,2023-07-01,1.0
1230,interest-protocol,2023-06-01,89.0
1231,interest-protocol,2023-07-01,72.0
1232,interest-protocol,2023-08-01,55.0
1233,interest-protocol,2023-09-01,21.0
1234,interest-protocol,2023-10-01,23.0
1235,interest-protocol,2023-11-01,14.0
1236,inverse-finance,2022-10-01,5.0
1237,iron-bank,2022-06-01,77.0
1238,iron-bank,2022-07-01,153.0
1239,iron-bank,2022-08-01,2796.0
1240,iron-bank,2022-09-01,3354.0
1241,iron-bank,2022-10-01,2573.0
1242,iron-bank,2022-11-01,2948.0
1243,iron-bank,2022-12-01,1884.0
1244,iron-bank,2023-01-01,2162.0
1245,iron-bank,2023-02-01,1971.0
1246,iron-bank,2023-03-01,1337.0
1247,iron-bank,2023-04-01,704.0
1248,iron-bank,2023-05-01,499.0
1249,iron-bank,2023-06-01,477.0
1250,iron-bank,2023-07-01,825.0
1251,iron-bank,2023-08-01,732.0
1252,iron-bank,2023-09-01,302.0
1253,iron-bank,2023-10-01,519.0
1254,iron-bank,2023-11-01,68.0
1255,jarvis-network,2022-08-01,18.0
1256,jarvis-network,2022-09-01,13.0
1257,jarvis-network,2022-10-01,11.0
1258,jarvis-network,2022-11-01,3.0
1259,jarvis-network,2022-12-01,32.0
1260,jarvis-network,2023-02-01,9.0
1261,jarvis-network,2023-03-01,33.0
1262,jarvis-network,2023-04-01,4.0
1263,jarvis-network,2023-05-01,3.0
1264,jarvis-network,2023-07-01,1.0
1265,justcause-smeee23,2023-09-01,51.0
1266,justcause-smeee23,2023-10-01,25.0
1267,justcause-smeee23,2023-11-01,3.0
1268,kiwi-news-attestate,2023-07-01,47.0
1269,kiwi-news-attestate,2023-08-01,27.0
1270,kiwi-news-attestate,2023-09-01,19.0
1271,kiwi-news-attestate,2023-10-01,18.0
1272,kiwi-news-attestate,2023-11-01,2.0
1273,kredeum,2023-05-01,3.0
1274,kredeum,2023-07-01,12.0
1275,kredeum,2023-10-01,2.0
1276,kromatika-finance,2021-11-01,27.0
1277,kromatika-finance,2021-12-01,129.0
1278,kromatika-finance,2022-01-01,487.0
1279,kromatika-finance,2022-02-01,157.0
1280,kromatika-finance,2022-03-01,218.0
1281,kromatika-finance,2022-04-01,568.0
1282,kromatika-finance,2022-05-01,462.0
1283,kromatika-finance,2022-06-01,502.0
1284,kromatika-finance,2022-07-01,246.0
1285,kromatika-finance,2022-08-01,175.0
1286,kromatika-finance,2022-09-01,362.0
1287,kromatika-finance,2022-10-01,264.0
1288,kromatika-finance,2022-11-01,129.0
1289,kromatika-finance,2022-12-01,168.0
1290,kromatika-finance,2023-01-01,167.0
1291,kromatika-finance,2023-02-01,218.0
1292,kromatika-finance,2023-03-01,270.0
1293,kromatika-finance,2023-04-01,156.0
1294,kromatika-finance,2023-05-01,2756.0
1295,kromatika-finance,2023-06-01,2304.0
1296,kromatika-finance,2023-07-01,2975.0
1297,kromatika-finance,2023-08-01,115.0
1298,kromatika-finance,2023-09-01,164.0
1299,kromatika-finance,2023-10-01,101.0
1300,kromatika-finance,2023-11-01,24.0
1301,kwenta,2022-02-01,1.0
1302,kwenta,2022-03-01,13.0
1303,kwenta,2022-04-01,6.0
1304,kwenta,2022-05-01,3.0
1305,kwenta,2022-06-01,74.0
1306,kwenta,2022-07-01,37.0
1307,kwenta,2022-08-01,74.0
1308,kwenta,2022-09-01,99.0
1309,kwenta,2022-10-01,80.0
1310,kwenta,2022-11-01,11474.0
1311,kwenta,2022-12-01,23584.0
1312,kwenta,2023-01-01,25582.0
1313,kwenta,2023-02-01,19572.0
1314,kwenta,2023-03-01,25921.0
1315,kwenta,2023-04-01,24080.0
1316,kwenta,2023-05-01,18710.0
1317,kwenta,2023-06-01,16066.0
1318,kwenta,2023-07-01,16376.0
1319,kwenta,2023-08-01,13533.0
1320,kwenta,2023-09-01,24298.0
1321,kwenta,2023-10-01,19262.0
1322,kwenta,2023-11-01,3773.0
1323,kyber-swap,2022-06-01,41.0
1324,kyber-swap,2022-07-01,330.0
1325,kyber-swap,2022-08-01,1023.0
1326,kyber-swap,2022-09-01,937.0
1327,kyber-swap,2022-10-01,6305.0
1328,kyber-swap,2022-11-01,8377.0
1329,kyber-swap,2022-12-01,10405.0
1330,kyber-swap,2023-01-01,32764.0
1331,kyber-swap,2023-02-01,37384.0
1332,kyber-swap,2023-03-01,41429.0
1333,kyber-swap,2023-04-01,16709.0
1334,kyber-swap,2023-05-01,4972.0
1335,kyber-swap,2023-06-01,18225.0
1336,kyber-swap,2023-07-01,18042.0
1337,kyber-swap,2023-08-01,16742.0
1338,kyber-swap,2023-09-01,19581.0
1339,kyber-swap,2023-10-01,27946.0
1340,kyber-swap,2023-11-01,5747.0
1341,layer-zero,2022-03-01,4865.0
1342,layer-zero,2022-04-01,13706.0
1343,layer-zero,2022-05-01,23645.0
1344,layer-zero,2022-06-01,25405.0
1345,layer-zero,2022-07-01,23269.0
1346,layer-zero,2022-08-01,18796.0
1347,layer-zero,2022-09-01,101399.0
1348,layer-zero,2022-10-01,182761.0
1349,layer-zero,2022-11-01,309558.0
1350,layer-zero,2022-12-01,487875.0
1351,layer-zero,2023-01-01,388189.0
1352,layer-zero,2023-02-01,112312.0
1353,layer-zero,2023-03-01,379133.0
1354,layer-zero,2023-04-01,3343653.0
1355,layer-zero,2023-05-01,1417799.0
1356,layer-zero,2023-06-01,2235230.0
1357,layer-zero,2023-07-01,2943845.0
1358,layer-zero,2023-08-01,1592741.0
1359,layer-zero,2023-09-01,1033698.0
1360,layer-zero,2023-10-01,430987.0
1361,layer-zero,2023-11-01,89252.0
1362,lemma-finance,2022-09-01,88.0
1363,lemma-finance,2022-10-01,411.0
1364,lemma-finance,2022-11-01,799.0
1365,lemma-finance,2022-12-01,480.0
1366,lemma-finance,2023-01-01,337.0
1367,lemma-finance,2023-02-01,266.0
1368,lemma-finance,2023-03-01,392.0
1369,lemma-finance,2023-04-01,192.0
1370,lemma-finance,2023-05-01,116.0
1371,lemma-finance,2023-06-01,45.0
1372,lemma-finance,2023-07-01,30.0
1373,lemma-finance,2023-08-01,49.0
1374,lemma-finance,2023-09-01,34.0
1375,lemma-finance,2023-10-01,37.0
1376,lemma-finance,2023-11-01,7.0
1377,lido,2022-08-01,16.0
1378,lido,2022-09-01,34.0
1379,lido,2022-10-01,1235.0
1380,lido,2022-11-01,944.0
1381,lido,2022-12-01,903.0
1382,lido,2023-01-01,1921.0
1383,lido,2023-02-01,1989.0
1384,lido,2023-03-01,2795.0
1385,lido,2023-04-01,4991.0
1386,lido,2023-05-01,2831.0
1387,lido,2023-06-01,3026.0
1388,lido,2023-07-01,4246.0
1389,lido,2023-08-01,4346.0
1390,lido,2023-09-01,2856.0
1391,lido,2023-10-01,2986.0
1392,lido,2023-11-01,581.0
1393,lifinance,2022-01-01,9.0
1394,lifinance,2022-02-01,4.0
1395,lifinance,2022-03-01,6.0
1396,lifinance,2022-05-01,11.0
1397,lifinance,2022-06-01,2.0
1398,lifinance,2022-07-01,5.0
1399,lifinance,2022-08-01,13.0
1400,lifinance,2022-10-01,2.0
1401,llamaxyz,2023-08-01,1.0
1402,llamaxyz,2023-10-01,2.0
1403,lyra-finance,2021-12-01,6491.0
1404,lyra-finance,2022-01-01,2537.0
1405,lyra-finance,2022-02-01,2211.0
1406,lyra-finance,2022-03-01,3220.0
1407,lyra-finance,2022-04-01,4959.0
1408,lyra-finance,2022-05-01,7062.0
1409,lyra-finance,2022-06-01,7889.0
1410,lyra-finance,2022-07-01,6347.0
1411,lyra-finance,2022-08-01,15133.0
1412,lyra-finance,2022-09-01,28273.0
1413,lyra-finance,2022-10-01,30690.0
1414,lyra-finance,2022-11-01,42481.0
1415,lyra-finance,2022-12-01,52854.0
1416,lyra-finance,2023-01-01,56402.0
1417,lyra-finance,2023-02-01,9833.0
1418,lyra-finance,2023-03-01,7802.0
1419,lyra-finance,2023-04-01,7812.0
1420,lyra-finance,2023-05-01,8103.0
1421,lyra-finance,2023-06-01,5428.0
1422,lyra-finance,2023-07-01,4518.0
1423,lyra-finance,2023-08-01,5072.0
1424,lyra-finance,2023-09-01,4591.0
1425,lyra-finance,2023-10-01,5547.0
1426,lyra-finance,2023-11-01,1113.0
1427,manifold,2022-06-01,2.0
1428,manifold,2023-04-01,2.0
1429,manifold,2023-06-01,790.0
1430,manifold,2023-07-01,118.0
1431,manifold,2023-08-01,64.0
1432,manifold,2023-09-01,30.0
1433,manifold,2023-10-01,42.0
1434,manifold,2023-11-01,6.0
1435,mean-finance,2021-12-01,789.0
1436,mean-finance,2022-01-01,434.0
1437,mean-finance,2022-02-01,208.0
1438,mean-finance,2022-03-01,301.0
1439,mean-finance,2022-04-01,166.0
1440,mean-finance,2022-05-01,47.0
1441,mean-finance,2022-06-01,11.0
1442,mean-finance,2022-07-01,4.0
1443,mean-finance,2022-08-01,1.0
1444,mean-finance,2022-09-01,28.0
1445,mean-finance,2022-10-01,7.0
1446,mean-finance,2022-11-01,13.0
1447,mean-finance,2022-12-01,17.0
1448,mean-finance,2023-01-01,27.0
1449,mean-finance,2023-02-01,32.0
1450,mean-finance,2023-03-01,20.0
1451,mean-finance,2023-04-01,4.0
1452,mean-finance,2023-05-01,5.0
1453,mean-finance,2023-06-01,1.0
1454,mean-finance,2023-07-01,3.0
1455,mean-finance,2023-08-01,2.0
1456,mean-finance,2023-09-01,8.0
1457,mean-finance,2023-10-01,5.0
1458,meson-fi,2022-09-01,2797.0
1459,meson-fi,2022-10-01,14276.0
1460,meson-fi,2022-12-01,5850.0
1461,meson-fi,2023-01-01,7547.0
1462,meson-fi,2023-02-01,16905.0
1463,meson-fi,2023-03-01,14439.0
1464,meson-fi,2023-04-01,19254.0
1465,meson-fi,2023-05-01,10197.0
1466,meson-fi,2023-06-01,8200.0
1467,meson-fi,2023-07-01,7258.0
1468,meson-fi,2023-08-01,4900.0
1469,meson-fi,2023-09-01,5832.0
1470,meson-fi,2023-10-01,5847.0
1471,meson-fi,2023-11-01,1761.0
1472,metadexa,2023-06-01,429.0
1473,metadexa,2023-07-01,171.0
1474,metadexa,2023-08-01,41.0
1475,metadexa,2023-09-01,59.0
1476,metadexa,2023-10-01,84.0
1477,metadexa,2023-11-01,27.0
1478,metagov,2023-09-01,2.0
1479,metalswap-defi-foundation,2023-05-01,17.0
1480,metalswap-defi-foundation,2023-06-01,134.0
1481,metalswap-defi-foundation,2023-07-01,479.0
1482,metalswap-defi-foundation,2023-08-01,413.0
1483,metalswap-defi-foundation,2023-09-01,342.0
1484,metalswap-defi-foundation,2023-10-01,245.0
1485,metalswap-defi-foundation,2023-11-01,37.0
1486,metamask,2022-10-01,6.0
1487,metamask,2022-12-01,16.0
1488,metamask,2023-01-01,10199.0
1489,metamask,2023-02-01,18870.0
1490,metamask,2023-03-01,61746.0
1491,metamask,2023-04-01,52079.0
1492,metamask,2023-05-01,40418.0
1493,metamask,2023-06-01,36638.0
1494,metamask,2023-07-01,45609.0
1495,metamask,2023-08-01,30128.0
1496,metamask,2023-09-01,29355.0
1497,metamask,2023-10-01,17053.0
1498,metamask,2023-11-01,5537.0
1499,metronome-autonomoussoftware,2023-05-01,25.0
1500,metronome-autonomoussoftware,2023-06-01,10935.0
1501,metronome-autonomoussoftware,2023-07-01,6332.0
1502,metronome-autonomoussoftware,2023-08-01,1577.0
1503,metronome-autonomoussoftware,2023-09-01,17037.0
1504,metronome-autonomoussoftware,2023-10-01,1955.0
1505,metronome-autonomoussoftware,2023-11-01,435.0
1506,mirror,2022-01-01,7.0
1507,mirror,2022-02-01,264.0
1508,mirror,2022-03-01,68.0
1509,mirror,2022-04-01,32.0
1510,mirror,2022-05-01,883.0
1511,mirror,2022-06-01,1054.0
1512,mirror,2022-07-01,1561.0
1513,mirror,2022-08-01,3859.0
1514,mirror,2022-09-01,2598.0
1515,mirror,2022-10-01,1482.0
1516,mirror,2022-11-01,13.0
1517,mirror,2022-12-01,433.0
1518,mirror,2023-01-01,1347.0
1519,mirror,2023-02-01,2390.0
1520,mirror,2023-03-01,5163.0
1521,mirror,2023-04-01,3561.0
1522,mirror,2023-05-01,28257.0
1523,mirror,2023-06-01,6388.0
1524,mirror,2023-07-01,1887.0
1525,mirror,2023-08-01,1274.0
1526,mirror,2023-09-01,1344.0
1527,mirror,2023-10-01,774.0
1528,mirror,2023-11-01,192.0
1529,mosaicfun,2023-08-01,1214.0
1530,mosaicfun,2023-09-01,5.0
1531,mosaicfun,2023-10-01,4.0
1532,mummy-finance,2023-03-01,30890.0
1533,mummy-finance,2023-04-01,22863.0
1534,mummy-finance,2023-05-01,26168.0
1535,mummy-finance,2023-06-01,26469.0
1536,mummy-finance,2023-07-01,32575.0
1537,mummy-finance,2023-08-01,33421.0
1538,mummy-finance,2023-09-01,25444.0
1539,mummy-finance,2023-10-01,29596.0
1540,mummy-finance,2023-11-01,5776.0
1541,mux-world,2022-12-01,65.0
1542,mux-world,2023-01-01,1473.0
1543,mux-world,2023-02-01,4266.0
1544,mux-world,2023-03-01,5100.0
1545,mux-world,2023-04-01,3723.0
1546,mux-world,2023-05-01,4502.0
1547,mux-world,2023-06-01,5584.0
1548,mux-world,2023-07-01,3170.0
1549,mux-world,2023-08-01,4511.0
1550,mux-world,2023-09-01,9760.0
1551,mux-world,2023-10-01,9789.0
1552,mux-world,2023-11-01,1897.0
1553,nested,2022-04-01,726.0
1554,nested,2022-05-01,1745.0
1555,nested,2022-06-01,812.0
1556,nested,2022-07-01,2635.0
1557,nested,2022-08-01,863.0
1558,nested,2022-09-01,777.0
1559,nested,2022-10-01,31365.0
1560,nested,2022-11-01,3961.0
1561,nested,2022-12-01,1678.0
1562,nested,2023-01-01,1330.0
1563,nested,2023-02-01,1250.0
1564,nested,2023-03-01,3145.0
1565,nested,2023-04-01,9126.0
1566,nested,2023-05-01,1616.0
1567,nested,2023-06-01,10224.0
1568,nested,2023-07-01,6350.0
1569,nested,2023-08-01,16737.0
1570,nested,2023-09-01,8137.0
1571,nested,2023-10-01,4968.0
1572,nested,2023-11-01,92.0
1573,nex,2022-08-01,77.0
1574,nex,2022-09-01,66454.0
1575,nex,2022-10-01,52793.0
1576,nex,2022-11-01,33986.0
1577,nex,2022-12-01,14721.0
1578,nex,2023-01-01,10808.0
1579,nex,2023-02-01,8218.0
1580,nex,2023-03-01,980.0
1581,nftearth,2023-01-01,18.0
1582,nftearth,2023-02-01,8036.0
1583,nftearth,2023-03-01,2514.0
1584,nftearth,2023-04-01,24.0
1585,nftearth,2023-05-01,1.0
1586,nftearth,2023-06-01,5.0
1587,nftearth,2023-07-01,173.0
1588,nftearth,2023-08-01,75.0
1589,nftearth,2023-09-01,19.0
1590,nftearth,2023-10-01,7.0
1591,nifty-kit,2022-07-01,6.0
1592,nifty-kit,2022-08-01,14.0
1593,nifty-kit,2022-09-01,14.0
1594,nifty-kit,2022-10-01,8.0
1595,nifty-kit,2022-11-01,2.0
1596,nifty-kit,2022-12-01,23.0
1597,nifty-kit,2023-01-01,57.0
1598,nifty-kit,2023-02-01,84.0
1599,nifty-kit,2023-03-01,46.0
1600,nifty-kit,2023-04-01,10.0
1601,nifty-kit,2023-05-01,31.0
1602,nifty-kit,2023-06-01,13.0
1603,nifty-kit,2023-07-01,19.0
1604,nifty-kit,2023-08-01,789.0
1605,nifty-kit,2023-09-01,14.0
1606,nifty-kit,2023-10-01,12.0
1607,nifty-kit,2023-11-01,1.0
1608,niftyswap,2022-03-01,3.0
1609,niftyswap,2022-04-01,2.0
1610,niftyswap,2022-06-01,2.0
1611,niftyswap,2022-08-01,2.0
1612,niftyswap,2023-03-01,1.0
1613,o-3-swap,2022-06-01,129.0
1614,o-3-swap,2022-07-01,266.0
1615,o-3-swap,2022-08-01,578.0
1616,o-3-swap,2022-09-01,366.0
1617,o-3-swap,2022-10-01,208.0
1618,o-3-swap,2022-11-01,185.0
1619,o-3-swap,2022-12-01,209.0
1620,o-3-swap,2023-01-01,195.0
1621,o-3-swap,2023-02-01,591.0
1622,o-3-swap,2023-03-01,480.0
1623,o-3-swap,2023-04-01,267.0
1624,o-3-swap,2023-05-01,277.0
1625,o-3-swap,2023-06-01,444.0
1626,o-3-swap,2023-07-01,244.0
1627,o-3-swap,2023-08-01,243.0
1628,o-3-swap,2023-09-01,38.0
1629,o-3-swap,2023-10-01,20.0
1630,o-3-swap,2023-11-01,23.0
1631,olympus,2022-02-01,3.0
1632,olympus,2022-03-01,92.0
1633,olympus,2022-04-01,133.0
1634,olympus,2022-05-01,78.0
1635,olympus,2022-07-01,1.0
1636,olympus,2022-12-01,1.0
1637,omni-swap,2022-07-01,6.0
1638,omni-swap,2022-08-01,23.0
1639,omni-swap,2022-09-01,54.0
1640,omni-swap,2022-10-01,94.0
1641,omni-swap,2022-11-01,340.0
1642,omni-swap,2022-12-01,706.0
1643,omni-swap,2023-01-01,193.0
1644,omni-swap,2023-02-01,303.0
1645,omni-swap,2023-03-01,3491.0
1646,omni-swap,2023-04-01,29900.0
1647,omni-swap,2023-05-01,11887.0
1648,omni-swap,2023-06-01,15581.0
1649,omni-swap,2023-07-01,14847.0
1650,omni-swap,2023-08-01,13383.0
1651,omni-swap,2023-09-01,29391.0
1652,omni-swap,2023-10-01,13061.0
1653,omni-swap,2023-11-01,1003.0
1654,omnisea,2022-06-01,7.0
1655,omnisea,2022-07-01,11.0
1656,omnisea,2022-08-01,2.0
1657,omnisea,2022-09-01,125.0
1658,omnisea,2022-10-01,100.0
1659,omnisea,2022-11-01,61.0
1660,omnisea,2022-12-01,429.0
1661,omnisea,2023-01-01,1565.0
1662,omnisea,2023-02-01,395.0
1663,omnisea,2023-03-01,104.0
1664,omnisea,2023-04-01,405.0
1665,omnisea,2023-05-01,463.0
1666,omnisea,2023-06-01,1200.0
1667,omnisea,2023-07-01,3222.0
1668,omnisea,2023-08-01,9782.0
1669,omnisea,2023-09-01,782.0
1670,omnisea,2023-10-01,881.0
1671,omnisea,2023-11-01,232.0
1672,op,2022-04-01,26.0
1673,op,2022-05-01,118416.0
1674,op,2022-06-01,429189.0
1675,op,2022-07-01,78402.0
1676,op,2022-08-01,81070.0
1677,op,2022-09-01,71226.0
1678,op,2022-10-01,101559.0
1679,op,2022-11-01,142389.0
1680,op,2022-12-01,199964.0
1681,op,2023-01-01,248951.0
1682,op,2023-02-01,399223.0
1683,op,2023-03-01,416817.0
1684,op,2023-04-01,253928.0
1685,op,2023-05-01,196815.0
1686,op,2023-06-01,311499.0
1687,op,2023-07-01,399542.0
1688,op,2023-08-01,255198.0
1689,op,2023-09-01,247334.0
1690,op,2023-10-01,240190.0
1691,op,2023-11-01,38167.0
1692,open-sea,2022-12-01,46946.0
1693,open-sea,2023-01-01,191194.0
1694,open-sea,2023-02-01,166088.0
1695,open-sea,2023-03-01,235291.0
1696,open-sea,2023-04-01,185922.0
1697,open-sea,2023-05-01,110990.0
1698,open-sea,2023-06-01,71216.0
1699,open-sea,2023-07-01,11.0
1700,open-sea,2023-08-01,21.0
1701,open-sea,2023-09-01,14.0
1702,open-sea,2023-10-01,162.0
1703,open-sea,2023-11-01,103.0
1704,openocean-finance,2022-01-01,9.0
1705,openocean-finance,2022-02-01,20.0
1706,openocean-finance,2022-03-01,21.0
1707,openocean-finance,2022-04-01,16.0
1708,openocean-finance,2022-05-01,764.0
1709,openocean-finance,2022-06-01,641.0
1710,openocean-finance,2022-07-01,640.0
1711,openocean-finance,2022-08-01,1243.0
1712,openocean-finance,2022-09-01,889.0
1713,openocean-finance,2022-10-01,461.0
1714,openocean-finance,2022-12-01,1974.0
1715,openocean-finance,2023-01-01,960.0
1716,openocean-finance,2023-02-01,2324.0
1717,openocean-finance,2023-03-01,1512.0
1718,openocean-finance,2023-04-01,4026.0
1719,openocean-finance,2023-05-01,1998.0
1720,openocean-finance,2023-06-01,2701.0
1721,openocean-finance,2023-07-01,5313.0
1722,openocean-finance,2023-08-01,2946.0
1723,openocean-finance,2023-09-01,2156.0
1724,openocean-finance,2023-10-01,1059.0
1725,openocean-finance,2023-11-01,341.0
1726,optinames-optimismresolver,2022-08-01,42.0
1727,optinames-optimismresolver,2022-09-01,1692.0
1728,optinames-optimismresolver,2022-10-01,13068.0
1729,optinames-optimismresolver,2022-12-01,23.0
1730,optinames-optimismresolver,2023-01-01,1371.0
1731,optinames-optimismresolver,2023-02-01,370.0
1732,optinames-optimismresolver,2023-03-01,151.0
1733,optinames-optimismresolver,2023-04-01,129.0
1734,optinames-optimismresolver,2023-05-01,593.0
1735,optinames-optimismresolver,2023-06-01,480.0
1736,optinames-optimismresolver,2023-07-01,1993.0
1737,optinames-optimismresolver,2023-08-01,586.0
1738,optinames-optimismresolver,2023-09-01,175.0
1739,optinames-optimismresolver,2023-10-01,147.0
1740,optinames-optimismresolver,2023-11-01,10.0
1741,orbiter-finance,2022-06-01,11.0
1742,orbiter-finance,2022-07-01,187.0
1743,orbiter-finance,2022-08-01,450.0
1744,orbiter-finance,2022-09-01,223.0
1745,orbiter-finance,2022-10-01,1367.0
1746,orbiter-finance,2022-11-01,205.0
1747,orbiter-finance,2022-12-01,13.0
1748,orbiter-finance,2023-01-01,23.0
1749,orbiter-finance,2023-02-01,1196.0
1750,orbiter-finance,2023-03-01,3033.0
1751,orbiter-finance,2023-04-01,210.0
1752,orbiter-finance,2023-05-01,54.0
1753,orbiter-finance,2023-06-01,20.0
1754,orbiter-finance,2023-07-01,39.0
1755,orbiter-finance,2023-08-01,285.0
1756,orbiter-finance,2023-09-01,479.0
1757,orbiter-finance,2023-10-01,2336.0
1758,orbiter-finance,2023-11-01,942.0
1759,overnight,2022-08-01,111.0
1760,overnight,2022-09-01,1425.0
1761,overnight,2022-10-01,3799.0
1762,overnight,2022-11-01,3126.0
1763,overnight,2022-12-01,3128.0
1764,overnight,2023-01-01,5649.0
1765,overnight,2023-02-01,11500.0
1766,overnight,2023-03-01,14709.0
1767,overnight,2023-04-01,9034.0
1768,overnight,2023-05-01,4359.0
1769,overnight,2023-06-01,8314.0
1770,overnight,2023-07-01,11432.0
1771,overnight,2023-08-01,8829.0
1772,overnight,2023-09-01,1987.0
1773,overnight,2023-10-01,4863.0
1774,overnight,2023-11-01,1128.0
1775,paraswap,2022-04-01,1.0
1776,paraswap,2022-07-01,34.0
1777,paraswap,2022-08-01,1389.0
1778,paraswap,2022-09-01,2932.0
1779,paraswap,2022-10-01,3283.0
1780,paraswap,2022-11-01,27.0
1781,paraswap,2022-12-01,652.0
1782,paraswap,2023-01-01,7548.0
1783,paraswap,2023-02-01,14069.0
1784,paraswap,2023-03-01,15198.0
1785,paraswap,2023-04-01,14529.0
1786,paraswap,2023-05-01,11609.0
1787,paraswap,2023-06-01,22167.0
1788,paraswap,2023-07-01,23157.0
1789,paraswap,2023-08-01,11816.0
1790,paraswap,2023-09-01,48106.0
1791,paraswap,2023-10-01,16545.0
1792,paraswap,2023-11-01,2444.0
1793,pendle-finance,2023-03-01,12.0
1794,pendle-finance,2023-08-01,38.0
1795,pendle-finance,2023-09-01,21.0
1796,pendle-finance,2023-10-01,6.0
1797,pendle-finance,2023-11-01,2.0
1798,perpetual-protocol,2021-11-01,7152.0
1799,perpetual-protocol,2021-12-01,53477.0
1800,perpetual-protocol,2022-01-01,189071.0
1801,perpetual-protocol,2022-02-01,360425.0
1802,perpetual-protocol,2022-03-01,668123.0
1803,perpetual-protocol,2022-04-01,835541.0
1804,perpetual-protocol,2022-05-01,1265323.0
1805,perpetual-protocol,2022-06-01,894369.0
1806,perpetual-protocol,2022-07-01,738868.0
1807,perpetual-protocol,2022-08-01,575248.0
1808,perpetual-protocol,2022-09-01,545967.0
1809,perpetual-protocol,2022-10-01,429181.0
1810,perpetual-protocol,2022-11-01,740483.0
1811,perpetual-protocol,2022-12-01,752140.0
1812,perpetual-protocol,2023-01-01,1110345.0
1813,perpetual-protocol,2023-02-01,577457.0
1814,perpetual-protocol,2023-03-01,645588.0
1815,perpetual-protocol,2023-04-01,418423.0
1816,perpetual-protocol,2023-05-01,221241.0
1817,perpetual-protocol,2023-06-01,358041.0
1818,perpetual-protocol,2023-07-01,260654.0
1819,perpetual-protocol,2023-08-01,220734.0
1820,perpetual-protocol,2023-09-01,261061.0
1821,perpetual-protocol,2023-10-01,181113.0
1822,perpetual-protocol,2023-11-01,22576.0
1823,pheasant-network,2023-09-01,59.0
1824,pheasant-network,2023-10-01,54.0
1825,pheasant-network,2023-11-01,43.0
1826,pickle-finance,2022-01-01,34.0
1827,pickle-finance,2022-02-01,45.0
1828,pickle-finance,2022-03-01,43.0
1829,pickle-finance,2022-04-01,108.0
1830,pickle-finance,2022-05-01,98.0
1831,pickle-finance,2022-06-01,256.0
1832,pickle-finance,2022-07-01,908.0
1833,pickle-finance,2022-08-01,1952.0
1834,pickle-finance,2022-09-01,8411.0
1835,pickle-finance,2022-10-01,5336.0
1836,pickle-finance,2022-11-01,4529.0
1837,pickle-finance,2022-12-01,3194.0
1838,pickle-finance,2023-01-01,3955.0
1839,pickle-finance,2023-02-01,4735.0
1840,pickle-finance,2023-03-01,5020.0
1841,pickle-finance,2023-04-01,2304.0
1842,pickle-finance,2023-05-01,913.0
1843,pickle-finance,2023-06-01,1437.0
1844,pickle-finance,2023-07-01,777.0
1845,pickle-finance,2023-08-01,655.0
1846,pickle-finance,2023-09-01,480.0
1847,pickle-finance,2023-10-01,286.0
1848,pickle-finance,2023-11-01,47.0
1849,pika-protocol,2021-11-01,883.0
1850,pika-protocol,2021-12-01,3355.0
1851,pika-protocol,2022-01-01,2228.0
1852,pika-protocol,2022-02-01,10784.0
1853,pika-protocol,2022-03-01,18748.0
1854,pika-protocol,2022-04-01,22551.0
1855,pika-protocol,2022-05-01,38409.0
1856,pika-protocol,2022-06-01,33129.0
1857,pika-protocol,2022-07-01,19957.0
1858,pika-protocol,2022-08-01,30744.0
1859,pika-protocol,2022-09-01,110225.0
1860,pika-protocol,2022-10-01,207033.0
1861,pika-protocol,2022-11-01,402288.0
1862,pika-protocol,2022-12-01,766885.0
1863,pika-protocol,2023-01-01,562490.0
1864,pika-protocol,2023-02-01,67044.0
1865,pika-protocol,2023-03-01,55845.0
1866,pika-protocol,2023-04-01,46162.0
1867,pika-protocol,2023-05-01,38863.0
1868,pika-protocol,2023-06-01,56701.0
1869,pika-protocol,2023-07-01,33236.0
1870,pika-protocol,2023-08-01,33557.0
1871,pika-protocol,2023-09-01,22518.0
1872,pika-protocol,2023-10-01,30129.0
1873,pika-protocol,2023-11-01,5913.0
1874,pin-save-dpytdao,2023-10-01,1.0
1875,polynomial-protocol,2022-03-01,475.0
1876,polynomial-protocol,2022-04-01,1964.0
1877,polynomial-protocol,2022-05-01,5992.0
1878,polynomial-protocol,2022-06-01,4742.0
1879,polynomial-protocol,2022-07-01,1175.0
1880,polynomial-protocol,2022-08-01,4172.0
1881,polynomial-protocol,2022-09-01,15866.0
1882,polynomial-protocol,2022-10-01,28810.0
1883,polynomial-protocol,2022-11-01,30824.0
1884,polynomial-protocol,2022-12-01,44355.0
1885,polynomial-protocol,2023-01-01,35279.0
1886,polynomial-protocol,2023-02-01,2896.0
1887,polynomial-protocol,2023-03-01,7769.0
1888,polynomial-protocol,2023-04-01,6505.0
1889,polynomial-protocol,2023-05-01,4303.0
1890,polynomial-protocol,2023-06-01,1130.0
1891,polynomial-protocol,2023-07-01,3412.0
1892,polynomial-protocol,2023-08-01,1400.0
1893,polynomial-protocol,2023-09-01,601.0
1894,polynomial-protocol,2023-10-01,506.0
1895,polynomial-protocol,2023-11-01,221.0
1896,pool-together,2022-06-01,1.0
1897,pool-together,2022-07-01,10570.0
1898,pool-together,2022-08-01,15779.0
1899,pool-together,2022-09-01,32836.0
1900,pool-together,2022-10-01,74526.0
1901,pool-together,2022-11-01,140063.0
1902,pool-together,2022-12-01,287183.0
1903,pool-together,2023-01-01,197195.0
1904,pool-together,2023-02-01,48249.0
1905,pool-together,2023-03-01,34059.0
1906,pool-together,2023-04-01,13624.0
1907,pool-together,2023-05-01,4107.0
1908,pool-together,2023-06-01,8889.0
1909,pool-together,2023-07-01,7500.0
1910,pool-together,2023-08-01,3228.0
1911,pool-together,2023-09-01,4842.0
1912,pool-together,2023-10-01,3423.0
1913,pool-together,2023-11-01,363.0
1914,premiafinance,2022-07-01,11.0
1915,premiafinance,2022-08-01,1588.0
1916,premiafinance,2022-09-01,1787.0
1917,premiafinance,2022-10-01,1667.0
1918,premiafinance,2022-11-01,1906.0
1919,premiafinance,2022-12-01,1886.0
1920,premiafinance,2023-01-01,1916.0
1921,premiafinance,2023-02-01,1660.0
1922,premiafinance,2023-03-01,1793.0
1923,premiafinance,2023-04-01,1632.0
1924,premiafinance,2023-05-01,1567.0
1925,premiafinance,2023-06-01,1638.0
1926,premiafinance,2023-07-01,1642.0
1927,premiafinance,2023-08-01,1778.0
1928,premiafinance,2023-09-01,1500.0
1929,premiafinance,2023-10-01,827.0
1930,premiafinance,2023-11-01,152.0
1931,project-squallet-refractor-labs,2023-10-01,9.0
1932,punk-domains,2022-02-01,4.0
1933,punk-domains,2022-03-01,35.0
1934,punk-domains,2022-04-01,294.0
1935,punk-domains,2022-05-01,61.0
1936,punk-domains,2022-06-01,5.0
1937,punk-domains,2022-09-01,1.0
1938,punk-domains,2022-12-01,25.0
1939,punk-domains,2023-01-01,19.0
1940,punk-domains,2023-02-01,51.0
1941,punk-domains,2023-03-01,53.0
1942,punk-domains,2023-04-01,11.0
1943,punk-domains,2023-05-01,15.0
1944,punk-domains,2023-06-01,9.0
1945,punk-domains,2023-07-01,125.0
1946,punk-domains,2023-08-01,8.0
1947,punk-domains,2023-09-01,8.0
1948,punk-domains,2023-10-01,5.0
1949,pyth-network,2022-09-01,27.0
1950,pyth-network,2022-11-01,1.0
1951,pyth-network,2022-12-01,4.0
1952,pyth-network,2023-02-01,6.0
1953,pyth-network,2023-03-01,3.0
1954,pyth-network,2023-05-01,347.0
1955,pyth-network,2023-06-01,61.0
1956,pyth-network,2023-07-01,20.0
1957,pyth-network,2023-08-01,7.0
1958,pyth-network,2023-09-01,8.0
1959,pyth-network,2023-10-01,1.0
1960,qidao-mai-finance,2022-04-01,388.0
1961,qidao-mai-finance,2022-05-01,1172.0
1962,qidao-mai-finance,2022-06-01,1699.0
1963,qidao-mai-finance,2022-07-01,1611.0
1964,qidao-mai-finance,2022-08-01,4400.0
1965,qidao-mai-finance,2022-09-01,21891.0
1966,qidao-mai-finance,2022-10-01,62043.0
1967,qidao-mai-finance,2022-11-01,67131.0
1968,qidao-mai-finance,2022-12-01,81000.0
1969,qidao-mai-finance,2023-01-01,59282.0
1970,qidao-mai-finance,2023-02-01,4857.0
1971,qidao-mai-finance,2023-03-01,5254.0
1972,qidao-mai-finance,2023-04-01,4037.0
1973,qidao-mai-finance,2023-05-01,2576.0
1974,qidao-mai-finance,2023-06-01,3499.0
1975,qidao-mai-finance,2023-07-01,13124.0
1976,qidao-mai-finance,2023-08-01,3699.0
1977,qidao-mai-finance,2023-09-01,3652.0
1978,qidao-mai-finance,2023-10-01,2781.0
1979,qidao-mai-finance,2023-11-01,382.0
1980,quest-3,2022-03-01,2.0
1981,quest-3,2022-04-01,4.0
1982,quest-3,2022-05-01,12.0
1983,quest-3,2022-06-01,1.0
1984,quest-3,2022-07-01,1.0
1985,quest-3,2022-08-01,1.0
1986,quest-3,2022-09-01,17147.0
1987,quest-3,2022-10-01,9404.0
1988,quest-3,2022-11-01,1.0
1989,quest-3,2022-12-01,2235.0
1990,quest-3,2023-01-01,9346.0
1991,quest-3,2023-02-01,4584.0
1992,quest-3,2023-03-01,6414.0
1993,quest-3,2023-04-01,2994.0
1994,quest-3,2023-05-01,389.0
1995,quest-3,2023-06-01,1474.0
1996,quest-3,2023-07-01,1239.0
1997,quest-3,2023-08-01,2149.0
1998,quest-3,2023-09-01,1247.0
1999,quest-3,2023-10-01,1312.0
2000,quest-3,2023-11-01,66.0
2001,quix,2021-12-01,1103.0
2002,quix,2022-01-01,1434.0
2003,quix,2022-02-01,1244.0
2004,quix,2022-03-01,1018.0
2005,quix,2022-04-01,14674.0
2006,quix,2022-05-01,26941.0
2007,quix,2022-06-01,24192.0
2008,quix,2022-07-01,25081.0
2009,quix,2022-08-01,10066.0
2010,quix,2022-09-01,40670.0
2011,quix,2022-10-01,74276.0
2012,quix,2022-11-01,87084.0
2013,quix,2022-12-01,86651.0
2014,quix,2023-01-01,8667.0
2015,quix,2023-02-01,945.0
2016,quix,2023-03-01,838.0
2017,quix,2023-04-01,389.0
2018,quix,2023-05-01,116.0
2019,quix,2023-06-01,222.0
2020,quix,2023-07-01,225.0
2021,quix,2023-08-01,187.0
2022,quix,2023-09-01,151.0
2023,quix,2023-10-01,93.0
2024,quix,2023-11-01,20.0
2025,rabbithole,2022-08-01,6.0
2026,rabbithole,2022-09-01,6.0
2027,rabbithole,2022-10-01,103338.0
2028,rabbithole,2022-11-01,29310.0
2029,rabbithole,2022-12-01,48685.0
2030,rabbithole,2023-01-01,59125.0
2031,rabbithole,2023-02-01,39058.0
2032,rabbithole,2023-03-01,88735.0
2033,rabbithole,2023-04-01,78500.0
2034,rabbithole,2023-05-01,82074.0
2035,rabbithole,2023-06-01,106418.0
2036,rabbithole,2023-07-01,150091.0
2037,rabbithole,2023-08-01,161464.0
2038,rabbithole,2023-09-01,494958.0
2039,rabbithole,2023-10-01,256239.0
2040,rabbithole,2023-11-01,34183.0
2041,radio-shack-swap,2022-05-01,3.0
2042,radio-shack-swap,2022-08-01,29.0
2043,radio-shack-swap,2022-09-01,34.0
2044,radio-shack-swap,2022-10-01,63.0
2045,radio-shack-swap,2022-11-01,23.0
2046,radio-shack-swap,2022-12-01,49.0
2047,radio-shack-swap,2023-01-01,17.0
2048,radio-shack-swap,2023-02-01,19.0
2049,radio-shack-swap,2023-03-01,7.0
2050,radio-shack-swap,2023-04-01,12.0
2051,radio-shack-swap,2023-05-01,1.0
2052,radio-shack-swap,2023-06-01,16.0
2053,radio-shack-swap,2023-07-01,15.0
2054,radio-shack-swap,2023-08-01,27.0
2055,radio-shack-swap,2023-09-01,13.0
2056,rainbow,2022-03-01,5.0
2057,rainbow,2022-05-01,9.0
2058,rainbow,2022-06-01,8.0
2059,rainbow,2022-07-01,233.0
2060,rainbow,2022-08-01,301.0
2061,rainbow,2022-09-01,418.0
2062,rainbow,2022-10-01,217.0
2063,rainbow,2022-12-01,174.0
2064,rainbow,2023-01-01,230.0
2065,rainbow,2023-02-01,9497.0
2066,rainbow,2023-03-01,5065.0
2067,rainbow,2023-04-01,307.0
2068,rainbow,2023-05-01,247.0
2069,rainbow,2023-06-01,225.0
2070,rainbow,2023-07-01,262.0
2071,rainbow,2023-08-01,315.0
2072,rainbow,2023-09-01,538.0
2073,rainbow,2023-10-01,1169.0
2074,rainbow,2023-11-01,257.0
2075,rango-exchange,2022-05-01,15.0
2076,rango-exchange,2022-06-01,10.0
2077,rango-exchange,2022-07-01,595.0
2078,rango-exchange,2022-08-01,1127.0
2079,rango-exchange,2022-09-01,1731.0
2080,rango-exchange,2022-10-01,2096.0
2081,rango-exchange,2022-11-01,2133.0
2082,rango-exchange,2022-12-01,4252.0
2083,rango-exchange,2023-01-01,1699.0
2084,rango-exchange,2023-02-01,1219.0
2085,rango-exchange,2023-03-01,1192.0
2086,rango-exchange,2023-04-01,1249.0
2087,rango-exchange,2023-05-01,154.0
2088,rango-exchange,2023-06-01,310.0
2089,rango-exchange,2023-07-01,1.0
2090,rango-exchange,2023-08-01,2.0
2091,reaper-farm,2022-07-01,2494.0
2092,reaper-farm,2022-08-01,5604.0
2093,reaper-farm,2022-09-01,2959.0
2094,reaper-farm,2022-10-01,6836.0
2095,reaper-farm,2022-11-01,4697.0
2096,reaper-farm,2022-12-01,2405.0
2097,reaper-farm,2023-01-01,3883.0
2098,reaper-farm,2023-02-01,6057.0
2099,reaper-farm,2023-03-01,5217.0
2100,reaper-farm,2023-04-01,4000.0
2101,reaper-farm,2023-05-01,2852.0
2102,reaper-farm,2023-06-01,4595.0
2103,reaper-farm,2023-07-01,5274.0
2104,reaper-farm,2023-08-01,3708.0
2105,reaper-farm,2023-09-01,2023.0
2106,reaper-farm,2023-10-01,2403.0
2107,reaper-farm,2023-11-01,355.0
2108,remix-project,2022-04-01,5.0
2109,remix-project,2022-05-01,13.0
2110,remix-project,2022-07-01,8.0
2111,remix-project,2022-08-01,3.0
2112,remix-project,2022-09-01,10.0
2113,remix-project,2022-10-01,29.0
2114,remix-project,2022-12-01,8.0
2115,remix-project,2023-01-01,1.0
2116,remix-project,2023-02-01,8.0
2117,remix-project,2023-03-01,9.0
2118,remix-project,2023-04-01,21.0
2119,remix-project,2023-05-01,28.0
2120,remix-project,2023-07-01,30.0
2121,remix-project,2023-08-01,5.0
2122,remix-project,2023-09-01,20.0
2123,remix-project,2023-10-01,8.0
2124,ren,2022-07-01,21.0
2125,revert-finance,2022-07-01,338.0
2126,revert-finance,2022-08-01,2025.0
2127,revert-finance,2022-09-01,2581.0
2128,revert-finance,2022-10-01,1433.0
2129,revert-finance,2022-11-01,10067.0
2130,revert-finance,2022-12-01,9807.0
2131,revert-finance,2023-01-01,5220.0
2132,revert-finance,2023-02-01,6598.0
2133,revert-finance,2023-03-01,5754.0
2134,revert-finance,2023-04-01,1247.0
2135,revert-finance,2023-05-01,658.0
2136,revert-finance,2023-06-01,1483.0
2137,revert-finance,2023-07-01,1808.0
2138,revert-finance,2023-08-01,1967.0
2139,revert-finance,2023-09-01,1187.0
2140,revert-finance,2023-10-01,1110.0
2141,revert-finance,2023-11-01,411.0
2142,rigo-block,2022-12-01,18.0
2143,rigo-block,2023-02-01,1.0
2144,ripae,2022-08-01,16627.0
2145,ripae,2022-09-01,4537.0
2146,ripae,2022-10-01,450.0
2147,ripae,2022-11-01,138.0
2148,ripae,2022-12-01,90.0
2149,ripae,2023-01-01,87.0
2150,ripae,2023-02-01,108.0
2151,ripae,2023-03-01,107.0
2152,ripae,2023-04-01,80.0
2153,ripae,2023-05-01,42.0
2154,ripae,2023-06-01,67.0
2155,ripae,2023-07-01,75.0
2156,ripae,2023-08-01,30.0
2157,ripae,2023-09-01,26.0
2158,ripae,2023-10-01,23.0
2159,ripae,2023-11-01,2.0
2160,router-protocol,2022-03-01,249.0
2161,router-protocol,2022-04-01,296.0
2162,router-protocol,2022-05-01,163.0
2163,router-protocol,2022-06-01,1592.0
2164,router-protocol,2022-07-01,2533.0
2165,router-protocol,2022-08-01,3787.0
2166,router-protocol,2022-09-01,713.0
2167,router-protocol,2022-10-01,408.0
2168,router-protocol,2022-11-01,475.0
2169,router-protocol,2022-12-01,441.0
2170,router-protocol,2023-01-01,272.0
2171,router-protocol,2023-02-01,483.0
2172,router-protocol,2023-03-01,358.0
2173,router-protocol,2023-04-01,91.0
2174,router-protocol,2023-05-01,99.0
2175,router-protocol,2023-06-01,79.0
2176,router-protocol,2023-07-01,168.0
2177,router-protocol,2023-08-01,126.0
2178,router-protocol,2023-09-01,14.0
2179,router-protocol,2023-10-01,11.0
2180,router-protocol,2023-11-01,7.0
2181,rubicon,2022-03-01,14487.0
2182,rubicon,2022-04-01,1655.0
2183,rubicon,2022-05-01,1135.0
2184,rubicon,2022-06-01,15302.0
2185,rubicon,2022-07-01,19121.0
2186,rubicon,2022-08-01,22332.0
2187,rubicon,2022-09-01,88527.0
2188,rubicon,2022-10-01,155992.0
2189,rubicon,2022-11-01,210625.0
2190,rubicon,2022-12-01,181629.0
2191,rubicon,2023-01-01,171648.0
2192,rubicon,2023-02-01,28424.0
2193,rubicon,2023-03-01,1622.0
2194,rubicon,2023-04-01,569.0
2195,rubicon,2023-05-01,461.0
2196,rubicon,2023-06-01,359.0
2197,rubicon,2023-07-01,1120.0
2198,rubicon,2023-08-01,718.0
2199,rubicon,2023-09-01,297.0
2200,rubicon,2023-10-01,128.0
2201,rubicon,2023-11-01,12.0
2202,sablier,2022-03-01,66.0
2203,sablier,2022-04-01,382.0
2204,sablier,2022-05-01,417.0
2205,sablier,2022-06-01,294.0
2206,sablier,2022-07-01,265.0
2207,sablier,2022-08-01,202.0
2208,sablier,2022-09-01,408.0
2209,sablier,2022-10-01,175.0
2210,sablier,2022-11-01,127.0
2211,sablier,2022-12-01,110.0
2212,sablier,2023-01-01,237.0
2213,sablier,2023-02-01,56.0
2214,sablier,2023-03-01,33.0
2215,sablier,2023-04-01,88.0
2216,sablier,2023-05-01,128.0
2217,sablier,2023-06-01,49.0
2218,sablier,2023-07-01,261.0
2219,sablier,2023-08-01,59.0
2220,sablier,2023-09-01,17.0
2221,sablier,2023-10-01,14.0
2222,saddle-finance,2022-01-01,60.0
2223,saddle-finance,2022-02-01,19.0
2224,saddle-finance,2022-03-01,151.0
2225,saddle-finance,2022-04-01,100.0
2226,saddle-finance,2022-05-01,87.0
2227,saddle-finance,2022-06-01,35.0
2228,saddle-finance,2022-07-01,43.0
2229,saddle-finance,2022-08-01,433.0
2230,saddle-finance,2022-09-01,637.0
2231,saddle-finance,2022-10-01,355.0
2232,saddle-finance,2022-11-01,139.0
2233,saddle-finance,2022-12-01,194.0
2234,saddle-finance,2023-01-01,144.0
2235,saddle-finance,2023-02-01,193.0
2236,saddle-finance,2023-03-01,201.0
2237,saddle-finance,2023-04-01,78.0
2238,saddle-finance,2023-05-01,64.0
2239,saddle-finance,2023-06-01,65.0
2240,saddle-finance,2023-07-01,78.0
2241,saddle-finance,2023-08-01,106.0
2242,saddle-finance,2023-09-01,30.0
2243,saddle-finance,2023-10-01,29.0
2244,saddle-finance,2023-11-01,9.0
2245,safe-global,2021-11-01,8.0
2246,safe-global,2021-12-01,158.0
2247,safe-global,2022-01-01,444.0
2248,safe-global,2022-02-01,565.0
2249,safe-global,2022-03-01,940.0
2250,safe-global,2022-04-01,3348.0
2251,safe-global,2022-05-01,8026.0
2252,safe-global,2022-06-01,22117.0
2253,safe-global,2022-07-01,7999.0
2254,safe-global,2022-08-01,23433.0
2255,safe-global,2022-09-01,33895.0
2256,safe-global,2022-10-01,17321.0
2257,safe-global,2022-11-01,20963.0
2258,safe-global,2022-12-01,32722.0
2259,safe-global,2023-01-01,44276.0
2260,safe-global,2023-02-01,60948.0
2261,safe-global,2023-03-01,77540.0
2262,safe-global,2023-04-01,62725.0
2263,safe-global,2023-05-01,87191.0
2264,safe-global,2023-06-01,176793.0
2265,safe-global,2023-07-01,798441.0
2266,safe-global,2023-08-01,402458.0
2267,safe-global,2023-09-01,726765.0
2268,safe-global,2023-10-01,301045.0
2269,safe-global,2023-11-01,45290.0
2270,scion-finance,2022-10-01,12.0
2271,scion-finance,2022-12-01,46.0
2272,scion-finance,2023-01-01,555.0
2273,scion-finance,2023-02-01,230.0
2274,scion-finance,2023-03-01,55.0
2275,scion-finance,2023-04-01,15.0
2276,scion-finance,2023-05-01,14.0
2277,scion-finance,2023-06-01,17.0
2278,scion-finance,2023-07-01,7.0
2279,scion-finance,2023-08-01,2.0
2280,scion-finance,2023-10-01,1.0
2281,scope-lift,2023-04-01,4.0
2282,scope-lift,2023-05-01,2.0
2283,scope-lift,2023-06-01,58.0
2284,scryprotocol,2023-05-01,2.0
2285,scryprotocol,2023-06-01,2.0
2286,scryprotocol,2023-07-01,4.0
2287,scryprotocol,2023-08-01,2.0
2288,scryprotocol,2023-09-01,4.0
2289,set-protocol,2021-11-01,4.0
2290,set-protocol,2021-12-01,40.0
2291,set-protocol,2022-01-01,194.0
2292,set-protocol,2022-02-01,302.0
2293,set-protocol,2022-03-01,239.0
2294,set-protocol,2022-04-01,1442.0
2295,set-protocol,2022-05-01,1020.0
2296,set-protocol,2022-06-01,334.0
2297,set-protocol,2022-07-01,210.0
2298,set-protocol,2022-08-01,156.0
2299,set-protocol,2022-09-01,102.0
2300,set-protocol,2022-10-01,52.0
2301,set-protocol,2022-11-01,87.0
2302,set-protocol,2022-12-01,44.0
2303,set-protocol,2023-01-01,51.0
2304,set-protocol,2023-02-01,10.0
2305,set-protocol,2023-03-01,34.0
2306,set-protocol,2023-05-01,2.0
2307,set-protocol,2023-06-01,11.0
2308,set-protocol,2023-07-01,3.0
2309,set-protocol,2023-09-01,8.0
2310,set-protocol,2023-10-01,2.0
2311,shipyard-software,2022-02-01,5388.0
2312,shipyard-software,2022-03-01,7864.0
2313,shipyard-software,2022-04-01,16982.0
2314,shipyard-software,2022-05-01,21031.0
2315,shipyard-software,2022-06-01,15149.0
2316,shipyard-software,2022-07-01,18146.0
2317,shipyard-software,2022-08-01,15575.0
2318,shipyard-software,2022-09-01,50096.0
2319,shipyard-software,2022-10-01,71874.0
2320,shipyard-software,2022-11-01,106106.0
2321,shipyard-software,2022-12-01,130220.0
2322,shipyard-software,2023-01-01,184867.0
2323,shipyard-software,2023-02-01,14516.0
2324,shipyard-software,2023-03-01,7328.0
2325,shipyard-software,2023-04-01,13309.0
2326,shipyard-software,2023-05-01,28067.0
2327,shipyard-software,2023-06-01,11631.0
2328,shipyard-software,2023-07-01,5512.0
2329,shipyard-software,2023-08-01,4766.0
2330,shipyard-software,2023-09-01,7989.0
2331,shipyard-software,2023-10-01,12951.0
2332,shipyard-software,2023-11-01,244.0
2333,slingshot,2021-12-01,1729.0
2334,slingshot,2022-01-01,3649.0
2335,slingshot,2022-02-01,1603.0
2336,slingshot,2022-03-01,3989.0
2337,slingshot,2022-04-01,16481.0
2338,slingshot,2022-05-01,19612.0
2339,slingshot,2022-06-01,35533.0
2340,slingshot,2022-07-01,20117.0
2341,slingshot,2022-08-01,74757.0
2342,slingshot,2022-09-01,115562.0
2343,slingshot,2022-10-01,29789.0
2344,slingshot,2022-11-01,321.0
2345,slingshot,2022-12-01,5433.0
2346,slingshot,2023-01-01,14173.0
2347,slingshot,2023-02-01,37479.0
2348,slingshot,2023-03-01,40950.0
2349,slingshot,2023-04-01,48641.0
2350,slingshot,2023-05-01,19192.0
2351,slingshot,2023-06-01,15767.0
2352,slingshot,2023-07-01,20526.0
2353,slingshot,2023-08-01,14215.0
2354,slingshot,2023-09-01,14065.0
2355,slingshot,2023-10-01,5660.0
2356,slingshot,2023-11-01,1981.0
2357,slugs-protocol-bernatfp,2023-10-01,6997.0
2358,slugs-protocol-bernatfp,2023-11-01,9323.0
2359,socket,2022-02-01,1.0
2360,socket,2022-04-01,2.0
2361,socket,2022-05-01,1669.0
2362,socket,2022-06-01,7307.0
2363,socket,2022-07-01,2637.0
2364,socket,2022-08-01,4836.0
2365,socket,2022-09-01,9253.0
2366,socket,2022-10-01,10091.0
2367,socket,2022-11-01,21887.0
2368,socket,2022-12-01,17761.0
2369,socket,2023-01-01,13025.0
2370,socket,2023-02-01,21925.0
2371,socket,2023-03-01,24600.0
2372,socket,2023-04-01,55205.0
2373,socket,2023-05-01,60449.0
2374,socket,2023-06-01,92565.0
2375,socket,2023-07-01,125183.0
2376,socket,2023-08-01,103921.0
2377,socket,2023-09-01,107007.0
2378,socket,2023-10-01,67282.0
2379,socket,2023-11-01,9696.0
2380,sonne-finance,2022-09-01,4049.0
2381,sonne-finance,2022-10-01,24933.0
2382,sonne-finance,2022-11-01,18677.0
2383,sonne-finance,2022-12-01,11919.0
2384,sonne-finance,2023-01-01,14824.0
2385,sonne-finance,2023-02-01,32232.0
2386,sonne-finance,2023-03-01,64019.0
2387,sonne-finance,2023-04-01,38402.0
2388,sonne-finance,2023-05-01,17369.0
2389,sonne-finance,2023-06-01,24795.0
2390,sonne-finance,2023-07-01,31143.0
2391,sonne-finance,2023-08-01,26961.0
2392,sonne-finance,2023-09-01,17742.0
2393,sonne-finance,2023-10-01,18562.0
2394,sonne-finance,2023-11-01,3678.0
2395,soulcial-discoverselab,2023-10-01,1927.0
2396,soulcial-discoverselab,2023-11-01,691.0
2397,sound-xyz,2023-06-01,135898.0
2398,sound-xyz,2023-07-01,20972.0
2399,sound-xyz,2023-08-01,22146.0
2400,sound-xyz,2023-09-01,13026.0
2401,sound-xyz,2023-10-01,2407.0
2402,sound-xyz,2023-11-01,170.0
2403,stackup,2023-03-01,2.0
2404,stackup,2023-06-01,1.0
2405,stargate-finance,2022-03-01,13074.0
2406,stargate-finance,2022-04-01,20099.0
2407,stargate-finance,2022-05-01,38458.0
2408,stargate-finance,2022-06-01,45974.0
2409,stargate-finance,2022-07-01,38388.0
2410,stargate-finance,2022-08-01,71033.0
2411,stargate-finance,2022-09-01,37849.0
2412,stargate-finance,2022-10-01,56317.0
2413,stargate-finance,2022-11-01,86671.0
2414,stargate-finance,2022-12-01,188842.0
2415,stargate-finance,2023-01-01,150507.0
2416,stargate-finance,2023-02-01,77273.0
2417,stargate-finance,2023-03-01,132927.0
2418,stargate-finance,2023-04-01,892321.0
2419,stargate-finance,2023-05-01,620669.0
2420,stargate-finance,2023-06-01,914129.0
2421,stargate-finance,2023-07-01,1045441.0
2422,stargate-finance,2023-08-01,765368.0
2423,stargate-finance,2023-09-01,545305.0
2424,stargate-finance,2023-10-01,336833.0
2425,stargate-finance,2023-11-01,70586.0
2426,steer-protocol,2023-05-01,239.0
2427,steer-protocol,2023-06-01,457.0
2428,steer-protocol,2023-07-01,1285.0
2429,steer-protocol,2023-08-01,1228.0
2430,steer-protocol,2023-09-01,1631.0
2431,steer-protocol,2023-10-01,2977.0
2432,steer-protocol,2023-11-01,932.0
2433,summer-fi,2023-03-01,52.0
2434,summer-fi,2023-04-01,1.0
2435,summer-fi,2023-05-01,18.0
2436,summer-fi,2023-06-01,40.0
2437,summer-fi,2023-07-01,74.0
2438,summer-fi,2023-08-01,8.0
2439,summer-fi,2023-09-01,18.0
2440,summer-fi,2023-10-01,16.0
2441,summer-fi,2023-11-01,3.0
2442,superfluid,2022-03-01,379.0
2443,superfluid,2022-04-01,1035.0
2444,superfluid,2022-05-01,1115.0
2445,superfluid,2022-06-01,557.0
2446,superfluid,2022-07-01,622.0
2447,superfluid,2022-08-01,506.0
2448,superfluid,2022-09-01,265.0
2449,superfluid,2022-10-01,199.0
2450,superfluid,2022-11-01,273.0
2451,superfluid,2022-12-01,212.0
2452,superfluid,2023-01-01,505.0
2453,superfluid,2023-02-01,18348.0
2454,superfluid,2023-03-01,16619.0
2455,superfluid,2023-04-01,2447.0
2456,superfluid,2023-05-01,1164.0
2457,superfluid,2023-06-01,666.0
2458,superfluid,2023-07-01,367.0
2459,superfluid,2023-08-01,293.0
2460,superfluid,2023-09-01,515.0
2461,superfluid,2023-10-01,254.0
2462,superfluid,2023-11-01,48.0
2463,sushi,2022-01-01,1.0
2464,sushi,2022-02-01,1.0
2465,sushi,2022-05-01,678.0
2466,sushi,2022-06-01,2355.0
2467,sushi,2022-07-01,894.0
2468,sushi,2022-08-01,1686.0
2469,sushi,2022-09-01,3106.0
2470,sushi,2022-10-01,4336.0
2471,sushi,2022-11-01,7750.0
2472,sushi,2022-12-01,8671.0
2473,sushi,2023-01-01,7225.0
2474,sushi,2023-02-01,7515.0
2475,sushi,2023-03-01,13753.0
2476,sushi,2023-04-01,39859.0
2477,sushi,2023-05-01,26924.0
2478,sushi,2023-06-01,38501.0
2479,sushi,2023-07-01,55161.0
2480,sushi,2023-08-01,33764.0
2481,sushi,2023-09-01,21924.0
2482,sushi,2023-10-01,13333.0
2483,sushi,2023-11-01,2744.0
2484,swapline,2023-03-01,1.0
2485,swapline,2023-04-01,96.0
2486,swapline,2023-05-01,35.0
2487,swapline,2023-06-01,10.0
2488,swapline,2023-07-01,205.0
2489,swapline,2023-08-01,72.0
2490,swapline,2023-09-01,16.0
2491,swapline,2023-10-01,19.0
2492,swapline,2023-11-01,3.0
2493,symbiosis-finance,2023-04-01,5.0
2494,symbiosis-finance,2023-05-01,10083.0
2495,symbiosis-finance,2023-06-01,3437.0
2496,symbiosis-finance,2023-07-01,5469.0
2497,symbiosis-finance,2023-08-01,5457.0
2498,symbiosis-finance,2023-09-01,5087.0
2499,symbiosis-finance,2023-10-01,2942.0
2500,symbiosis-finance,2023-11-01,1611.0
2501,symphony-finance,2022-06-01,61.0
2502,symphony-finance,2022-07-01,4390.0
2503,symphony-finance,2022-08-01,694.0
2504,symphony-finance,2022-09-01,393.0
2505,symphony-finance,2022-10-01,619.0
2506,symphony-finance,2022-11-01,438.0
2507,symphony-finance,2022-12-01,407.0
2508,symphony-finance,2023-01-01,141.0
2509,symphony-finance,2023-02-01,160.0
2510,symphony-finance,2023-03-01,190.0
2511,symphony-finance,2023-04-01,39.0
2512,symphony-finance,2023-05-01,75.0
2513,symphony-finance,2023-06-01,5.0
2514,symphony-finance,2023-07-01,9.0
2515,synapse,2021-11-01,982.0
2516,synapse,2021-12-01,997.0
2517,synapse,2022-01-01,1757.0
2518,synapse,2022-02-01,806.0
2519,synapse,2022-03-01,723.0
2520,synapse,2022-04-01,4268.0
2521,synapse,2022-05-01,7520.0
2522,synapse,2022-06-01,14978.0
2523,synapse,2022-07-01,4145.0
2524,synapse,2022-08-01,7271.0
2525,synapse,2022-09-01,46773.0
2526,synapse,2022-10-01,62785.0
2527,synapse,2022-11-01,20420.0
2528,synapse,2022-12-01,47628.0
2529,synapse,2023-01-01,78917.0
2530,synapse,2023-02-01,14490.0
2531,synapse,2023-03-01,14459.0
2532,synapse,2023-04-01,9449.0
2533,synapse,2023-05-01,5533.0
2534,synapse,2023-06-01,8052.0
2535,synapse,2023-07-01,9027.0
2536,synapse,2023-08-01,12071.0
2537,synapse,2023-09-01,9087.0
2538,synapse,2023-10-01,3120.0
2539,synapse,2023-11-01,804.0
2540,synthetix,2021-11-01,11.0
2541,synthetix,2021-12-01,202.0
2542,synthetix,2022-01-01,515.0
2543,synthetix,2022-02-01,748.0
2544,synthetix,2022-03-01,3857.0
2545,synthetix,2022-04-01,13585.0
2546,synthetix,2022-05-01,33054.0
2547,synthetix,2022-06-01,42943.0
2548,synthetix,2022-07-01,27528.0
2549,synthetix,2022-08-01,25751.0
2550,synthetix,2022-09-01,60868.0
2551,synthetix,2022-10-01,100231.0
2552,synthetix,2022-11-01,53724.0
2553,synthetix,2022-12-01,39713.0
2554,synthetix,2023-01-01,36973.0
2555,synthetix,2023-02-01,48197.0
2556,synthetix,2023-03-01,104166.0
2557,synthetix,2023-04-01,93611.0
2558,synthetix,2023-05-01,33935.0
2559,synthetix,2023-06-01,11885.0
2560,synthetix,2023-07-01,9217.0
2561,synthetix,2023-08-01,9722.0
2562,synthetix,2023-09-01,8436.0
2563,synthetix,2023-10-01,53622.0
2564,synthetix,2023-11-01,28500.0
2565,tarot-finance,2022-05-01,214.0
2566,tarot-finance,2022-06-01,5916.0
2567,tarot-finance,2022-07-01,9407.0
2568,tarot-finance,2022-08-01,9757.0
2569,tarot-finance,2022-09-01,5780.0
2570,tarot-finance,2022-10-01,7199.0
2571,tarot-finance,2022-11-01,6453.0
2572,tarot-finance,2022-12-01,3758.0
2573,tarot-finance,2023-01-01,5265.0
2574,tarot-finance,2023-02-01,6396.0
2575,tarot-finance,2023-03-01,8185.0
2576,tarot-finance,2023-04-01,5820.0
2577,tarot-finance,2023-05-01,3725.0
2578,tarot-finance,2023-06-01,4900.0
2579,tarot-finance,2023-07-01,8896.0
2580,tarot-finance,2023-08-01,12210.0
2581,tarot-finance,2023-09-01,6089.0
2582,tarot-finance,2023-10-01,3938.0
2583,tarot-finance,2023-11-01,682.0
2584,thales,2021-11-01,9.0
2585,thales,2021-12-01,591.0
2586,thales,2022-01-01,1040.0
2587,thales,2022-02-01,6101.0
2588,thales,2022-03-01,5028.0
2589,thales,2022-04-01,6083.0
2590,thales,2022-05-01,7175.0
2591,thales,2022-06-01,7808.0
2592,thales,2022-07-01,10076.0
2593,thales,2022-08-01,22233.0
2594,thales,2022-09-01,20885.0
2595,thales,2022-10-01,23205.0
2596,thales,2022-11-01,25104.0
2597,thales,2022-12-01,23183.0
2598,thales,2023-01-01,26190.0
2599,thales,2023-02-01,40428.0
2600,thales,2023-03-01,37604.0
2601,thales,2023-04-01,34504.0
2602,thales,2023-05-01,24874.0
2603,thales,2023-06-01,19504.0
2604,thales,2023-07-01,24701.0
2605,thales,2023-08-01,27897.0
2606,thales,2023-09-01,28298.0
2607,thales,2023-10-01,28215.0
2608,thales,2023-11-01,6295.0
2609,third-web,2022-06-01,13.0
2610,third-web,2022-07-01,16.0
2611,third-web,2022-08-01,43.0
2612,third-web,2022-09-01,246.0
2613,third-web,2022-10-01,26.0
2614,third-web,2022-11-01,12.0
2615,third-web,2022-12-01,2.0
2616,third-web,2023-01-01,39.0
2617,third-web,2023-02-01,159.0
2618,third-web,2023-03-01,216.0
2619,third-web,2023-04-01,213.0
2620,third-web,2023-05-01,74.0
2621,third-web,2023-06-01,155.0
2622,third-web,2023-07-01,187.0
2623,third-web,2023-08-01,18363.0
2624,third-web,2023-09-01,312.0
2625,third-web,2023-10-01,253.0
2626,third-web,2023-11-01,88.0
2627,threshold-network,2023-04-01,6.0
2628,threshold-network,2023-05-01,19.0
2629,threshold-network,2023-06-01,19.0
2630,threshold-network,2023-07-01,242.0
2631,threshold-network,2023-08-01,576.0
2632,threshold-network,2023-09-01,205.0
2633,threshold-network,2023-10-01,246.0
2634,threshold-network,2023-11-01,61.0
2635,tide-protocol-fiveelementslabs,2023-02-01,5.0
2636,tide-protocol-fiveelementslabs,2023-03-01,14.0
2637,tide-protocol-fiveelementslabs,2023-04-01,5.0
2638,tide-protocol-fiveelementslabs,2023-05-01,2.0
2639,tide-protocol-fiveelementslabs,2023-06-01,2.0
2640,tide-protocol-fiveelementslabs,2023-07-01,3.0
2641,tide-protocol-fiveelementslabs,2023-08-01,3.0
2642,tide-protocol-fiveelementslabs,2023-09-01,12.0
2643,tide-protocol-fiveelementslabs,2023-10-01,10.0
2644,tipcc,2022-03-01,21.0
2645,transit-finance,2022-11-01,50.0
2646,transit-finance,2022-12-01,29.0
2647,transit-finance,2023-01-01,104.0
2648,transit-finance,2023-02-01,687.0
2649,transit-finance,2023-03-01,1242.0
2650,transit-finance,2023-04-01,837.0
2651,transit-finance,2023-05-01,1104.0
2652,transit-finance,2023-06-01,672.0
2653,transit-finance,2023-07-01,388.0
2654,transit-finance,2023-08-01,427.0
2655,transit-finance,2023-09-01,492.0
2656,transit-finance,2023-10-01,303.0
2657,transit-finance,2023-11-01,82.0
2658,umbra,2021-12-01,1.0
2659,umbra,2022-03-01,15.0
2660,umbra,2022-04-01,471.0
2661,umbra,2022-05-01,1433.0
2662,umbra,2022-06-01,3928.0
2663,umbra,2022-07-01,1224.0
2664,umbra,2022-08-01,1224.0
2665,umbra,2022-09-01,1488.0
2666,umbra,2022-10-01,1738.0
2667,umbra,2022-11-01,4281.0
2668,umbra,2022-12-01,4417.0
2669,umbra,2023-01-01,3624.0
2670,umbra,2023-02-01,3263.0
2671,umbra,2023-03-01,4097.0
2672,umbra,2023-04-01,11108.0
2673,umbra,2023-05-01,5573.0
2674,umbra,2023-06-01,5739.0
2675,umbra,2023-07-01,4561.0
2676,umbra,2023-08-01,3393.0
2677,umbra,2023-09-01,4935.0
2678,umbra,2023-10-01,4924.0
2679,umbra,2023-11-01,662.0
2680,uniswap,2021-11-01,6.0
2681,uniswap,2021-12-01,17156.0
2682,uniswap,2022-01-01,20107.0
2683,uniswap,2022-02-01,18277.0
2684,uniswap,2022-03-01,30184.0
2685,uniswap,2022-04-01,55861.0
2686,uniswap,2022-05-01,60432.0
2687,uniswap,2022-06-01,141747.0
2688,uniswap,2022-07-01,110937.0
2689,uniswap,2022-08-01,161395.0
2690,uniswap,2022-09-01,252794.0
2691,uniswap,2022-10-01,322108.0
2692,uniswap,2022-11-01,473748.0
2693,uniswap,2022-12-01,688990.0
2694,uniswap,2023-01-01,616459.0
2695,uniswap,2023-02-01,231684.0
2696,uniswap,2023-03-01,217037.0
2697,uniswap,2023-04-01,188467.0
2698,uniswap,2023-05-01,127327.0
2699,uniswap,2023-06-01,158230.0
2700,uniswap,2023-07-01,219099.0
2701,uniswap,2023-08-01,162704.0
2702,uniswap,2023-09-01,130586.0
2703,uniswap,2023-10-01,81369.0
2704,uniswap,2023-11-01,8758.0
2705,unlock-protocol,2021-11-01,5.0
2706,unlock-protocol,2021-12-01,38.0
2707,unlock-protocol,2022-01-01,15.0
2708,unlock-protocol,2022-02-01,15.0
2709,unlock-protocol,2022-03-01,7.0
2710,unlock-protocol,2022-04-01,11.0
2711,unlock-protocol,2022-05-01,18.0
2712,unlock-protocol,2022-06-01,15.0
2713,unlock-protocol,2022-07-01,12.0
2714,unlock-protocol,2022-08-01,17.0
2715,unlock-protocol,2022-09-01,17.0
2716,unlock-protocol,2022-10-01,4.0
2717,unlock-protocol,2022-12-01,5.0
2718,unlock-protocol,2023-01-01,10.0
2719,unlock-protocol,2023-02-01,17.0
2720,unlock-protocol,2023-03-01,8.0
2721,unlock-protocol,2023-04-01,14.0
2722,unlock-protocol,2023-05-01,8.0
2723,unlock-protocol,2023-06-01,14.0
2724,unlock-protocol,2023-07-01,18.0
2725,unlock-protocol,2023-08-01,15.0
2726,unlock-protocol,2023-09-01,28.0
2727,unlock-protocol,2023-10-01,12.0
2728,unlock-protocol,2023-11-01,3.0
2729,velodrome,2022-06-01,197250.0
2730,velodrome,2022-07-01,302717.0
2731,velodrome,2022-08-01,457482.0
2732,velodrome,2022-09-01,346159.0
2733,velodrome,2022-10-01,351385.0
2734,velodrome,2022-11-01,373856.0
2735,velodrome,2022-12-01,485630.0
2736,velodrome,2023-01-01,437177.0
2737,velodrome,2023-02-01,242924.0
2738,velodrome,2023-03-01,298851.0
2739,velodrome,2023-04-01,231161.0
2740,velodrome,2023-05-01,143745.0
2741,velodrome,2023-06-01,232215.0
2742,velodrome,2023-07-01,329941.0
2743,velodrome,2023-08-01,399951.0
2744,velodrome,2023-09-01,390792.0
2745,velodrome,2023-10-01,205512.0
2746,velodrome,2023-11-01,32339.0
2747,vesper,2023-02-01,3.0
2748,vesper,2023-04-01,2522.0
2749,vesper,2023-05-01,1623.0
2750,vesper,2023-06-01,4635.0
2751,vesper,2023-07-01,2545.0
2752,vesper,2023-08-01,1776.0
2753,vesper,2023-09-01,1281.0
2754,vesper,2023-10-01,1017.0
2755,vesper,2023-11-01,168.0
2756,via-protocol,2022-11-01,498.0
2757,via-protocol,2022-12-01,10340.0
2758,via-protocol,2023-01-01,1668.0
2759,via-protocol,2023-02-01,783.0
2760,via-protocol,2023-03-01,1329.0
2761,via-protocol,2023-04-01,2531.0
2762,via-protocol,2023-05-01,102.0
2763,warden-swap,2022-04-01,1765.0
2764,warden-swap,2022-05-01,4832.0
2765,warden-swap,2022-06-01,7402.0
2766,warden-swap,2022-07-01,4397.0
2767,warden-swap,2022-08-01,4080.0
2768,warden-swap,2022-09-01,2519.0
2769,warden-swap,2022-10-01,2429.0
2770,warden-swap,2022-11-01,1284.0
2771,warden-swap,2022-12-01,779.0
2772,warden-swap,2023-01-01,665.0
2773,warden-swap,2023-02-01,872.0
2774,warden-swap,2023-03-01,893.0
2775,warden-swap,2023-04-01,551.0
2776,warden-swap,2023-05-01,343.0
2777,warden-swap,2023-06-01,361.0
2778,warden-swap,2023-07-01,145.0
2779,warden-swap,2023-08-01,632.0
2780,warden-swap,2023-09-01,640.0
2781,warden-swap,2023-10-01,482.0
2782,warden-swap,2023-11-01,43.0
2783,we-piggy,2021-11-01,1938.0
2784,we-piggy,2021-12-01,2451.0
2785,we-piggy,2022-01-01,1900.0
2786,we-piggy,2022-02-01,832.0
2787,we-piggy,2022-03-01,1652.0
2788,we-piggy,2022-04-01,835.0
2789,we-piggy,2022-05-01,675.0
2790,we-piggy,2022-06-01,1513.0
2791,we-piggy,2022-07-01,548.0
2792,we-piggy,2022-08-01,4411.0
2793,we-piggy,2022-09-01,3023.0
2794,we-piggy,2022-10-01,1268.0
2795,we-piggy,2022-11-01,1069.0
2796,we-piggy,2022-12-01,428.0
2797,we-piggy,2023-01-01,684.0
2798,we-piggy,2023-02-01,1103.0
2799,we-piggy,2023-03-01,950.0
2800,we-piggy,2023-04-01,483.0
2801,we-piggy,2023-05-01,277.0
2802,we-piggy,2023-06-01,354.0
2803,we-piggy,2023-07-01,550.0
2804,we-piggy,2023-08-01,532.0
2805,we-piggy,2023-09-01,287.0
2806,we-piggy,2023-10-01,493.0
2807,we-piggy,2023-11-01,156.0
2808,wido,2023-03-01,1.0
2809,wido,2023-04-01,9.0
2810,wido,2023-05-01,560.0
2811,wido,2023-06-01,1503.0
2812,wido,2023-07-01,9068.0
2813,wido,2023-08-01,5220.0
2814,wido,2023-09-01,3313.0
2815,wido,2023-10-01,906.0
2816,wido,2023-11-01,37.0
2817,worldcoin,2023-07-01,392800.0
2818,worldcoin,2023-08-01,1779687.0
2819,worldcoin,2023-09-01,385422.0
2820,worldcoin,2023-10-01,406855.0
2821,worldcoin,2023-11-01,98333.0
2822,wormhole,2022-07-01,4.0
2823,wormhole,2023-01-01,2.0
2824,wormhole,2023-02-01,173.0
2825,wormhole,2023-03-01,890.0
2826,wormhole,2023-04-01,683.0
2827,wormhole,2023-05-01,272.0
2828,wormhole,2023-06-01,197.0
2829,wormhole,2023-07-01,551.0
2830,wormhole,2023-08-01,7180.0
2831,wormhole,2023-09-01,1056.0
2832,wormhole,2023-10-01,303.0
2833,wormhole,2023-11-01,133.0
2834,wtfacademy,2023-07-01,3.0
2835,x-dao,2022-02-01,8.0
2836,x-dao,2022-03-01,1.0
2837,x-dao,2022-04-01,11.0
2838,x-dao,2022-05-01,44.0
2839,x-dao,2022-06-01,28.0
2840,x-dao,2022-07-01,10.0
2841,x-dao,2022-08-01,4.0
2842,x-dao,2022-10-01,4.0
2843,x-dao,2022-12-01,1.0
2844,x-dao,2023-01-01,11.0
2845,x-dao,2023-02-01,8.0
2846,x-dao,2023-03-01,5.0
2847,x-dao,2023-04-01,2.0
2848,x-dao,2023-05-01,6.0
2849,x-dao,2023-06-01,15.0
2850,x-dao,2023-07-01,9.0
2851,x-dao,2023-08-01,2.0
2852,x-dao,2023-09-01,12.0
2853,x-dao,2023-10-01,2.0
2854,x-dao,2023-11-01,1.0
2855,x-token,2022-03-01,15.0
2856,x-token,2022-04-01,5.0
2857,x-token,2022-05-01,12.0
2858,x-token,2022-07-01,4.0
2859,x-token,2022-09-01,2.0
2860,x-token,2022-10-01,10.0
2861,x-token,2023-01-01,11.0
2862,x-token,2023-02-01,2.0
2863,x-token,2023-04-01,1.0
2864,x-token,2023-05-01,8.0
2865,xen-crypto-faircrypto,2022-12-01,2.0
2866,xen-crypto-faircrypto,2023-01-01,3.0
2867,xen-crypto-faircrypto,2023-02-01,1.0
2868,xen-crypto-faircrypto,2023-03-01,2.0
2869,xen-crypto-faircrypto,2023-04-01,2.0
2870,xen-crypto-faircrypto,2023-09-01,80195.0
2871,xen-crypto-faircrypto,2023-10-01,106398.0
2872,xen-crypto-faircrypto,2023-11-01,25695.0
2873,yearn,2022-08-01,30.0
2874,yearn,2022-09-01,16.0
2875,yearn,2022-10-01,12.0
2876,yearn,2022-11-01,9.0
2877,yearn,2022-12-01,6.0
2878,yearn,2023-01-01,23.0
2879,yearn,2023-02-01,27.0
2880,yearn,2023-03-01,63.0
2881,yearn,2023-04-01,14.0
2882,yearn,2023-05-01,2147.0
2883,yearn,2023-06-01,15899.0
2884,yearn,2023-07-01,24006.0
2885,yearn,2023-08-01,17993.0
2886,yearn,2023-09-01,7466.0
2887,yearn,2023-10-01,4918.0
2888,yearn,2023-11-01,689.0
2889,yokifinance,2023-09-01,6.0
2890,zerion,2022-03-01,396.0
2891,zerion,2022-04-01,1866.0
2892,zerion,2022-05-01,5202.0
2893,zerion,2022-06-01,6097.0
2894,zerion,2022-07-01,3166.0
2895,zerion,2022-08-01,2785.0
2896,zerion,2022-09-01,3363.0
2897,zerion,2022-10-01,4977.0
2898,zerion,2022-11-01,6000.0
2899,zerion,2022-12-01,4550.0
2900,zerion,2023-01-01,4969.0
2901,zerion,2023-02-01,6843.0
2902,zerion,2023-03-01,7504.0
2903,zerion,2023-04-01,6933.0
2904,zerion,2023-05-01,5854.0
2905,zerion,2023-06-01,9168.0
2906,zerion,2023-07-01,6125.0
2907,zerion,2023-08-01,8314.0
2908,zerion,2023-09-01,5359.0
2909,zerion,2023-10-01,3207.0
2910,zerion,2023-11-01,861.0
2911,zeroex,2021-12-01,54.0
2912,zeroex,2022-01-01,2519.0
2913,zeroex,2022-02-01,4110.0
2914,zeroex,2022-03-01,9901.0
2915,zeroex,2022-04-01,14447.0
2916,zeroex,2022-05-01,24666.0
2917,zeroex,2022-06-01,40770.0
2918,zeroex,2022-07-01,27402.0
2919,zeroex,2022-08-01,22483.0
2920,zeroex,2022-09-01,22262.0
2921,zeroex,2022-10-01,14557.0
2922,zeroex,2022-11-01,2.0
2923,zeroex,2022-12-01,4823.0
2924,zeroex,2023-01-01,14329.0
2925,zeroex,2023-02-01,20180.0
2926,zeroex,2023-03-01,70871.0
2927,zeroex,2023-04-01,34351.0
2928,zeroex,2023-05-01,43417.0
2929,zeroex,2023-06-01,127832.0
2930,zeroex,2023-07-01,211007.0
2931,zeroex,2023-08-01,78566.0
2932,zeroex,2023-09-01,67963.0
2933,zeroex,2023-10-01,38005.0
2934,zeroex,2023-11-01,6791.0
2935,zonicapp,2023-02-01,3664.0
2936,zonicapp,2023-03-01,1601.0
2937,zonicapp,2023-04-01,470.0
2938,zonicapp,2023-05-01,178.0
2939,zonicapp,2023-06-01,200.0
2940,zonicapp,2023-07-01,219.0
2941,zonicapp,2023-08-01,165.0
2942,zonicapp,2023-09-01,298.0
2943,zonicapp,2023-10-01,136.0
2944,zonicapp,2023-11-01,56.0
2945,zora,2023-05-01,13.0
2946,zora,2023-06-01,134.0
2947,zora,2023-07-01,1008.0
2948,zora,2023-08-01,1004.0
2949,zora,2023-09-01,575.0
2950,zora,2023-10-01,203.0
2951,zora,2023-11-01,37.0
